,Neighbourhood,Neighbourhood Latitude,Neighbourhood Longitude,Venue,Venue Latitude,Venue Longitude,Venue Category
0,Parkwoods,43.7611243,-79.32405940000001,Shoppers Drug Mart,43.76085733239677,-79.32496051573521,Pharmacy
1,Parkwoods,43.7611243,-79.32405940000001,Family Food Fair Convenience,43.760619989690674,-79.32445934492416,Convenience Store
2,Parkwoods,43.7611243,-79.32405940000001,Parkwoods Village Centre,43.760735,-79.324873,Shopping Mall
3,Regent Park,43.66070560000001,-79.3604569,Regent Park Aquatic Centre,43.6606003130796,-79.36139162915349,Pool
4,Regent Park,43.66070560000001,-79.3604569,Shoppers Drug Mart,43.660204,-79.361332,Pharmacy
5,Regent Park,43.66070560000001,-79.3604569,Wendy’s,43.660403362711776,-79.36062902212149,Fast Food Restaurant
6,Regent Park,43.66070560000001,-79.3604569,Le Beau,43.660773,-79.359381,Café
7, Harbourfront,43.640080100000006,-79.3801495,Harbourfront,43.639525632239106,-79.38068838052389,Neighborhood
8, Harbourfront,43.640080100000006,-79.3801495,BeaverTails,43.639736,-79.380068,Dessert Shop
9, Harbourfront,43.640080100000006,-79.3801495,Sharetea,43.640175967763966,-79.37960567018246,Bubble Tea Shop
10, Harbourfront,43.640080100000006,-79.3801495,Popeyes Louisiana Kitchen,43.639864,-79.381136,Fried Chicken Joint
11,Lawrence Manor,43.72207879999999,-79.4375067,ROBINSON'S FREESTYLE DESIGNS,43.72243591028199,-79.43718194961548,Art Gallery
12,Queen's Park,43.659659000000005,-79.39033990000001,Starbucks,43.65945605353152,-79.39041123272168,Coffee Shop
13,Queen's Park,43.659659000000005,-79.39033990000001,Flock Rotisserie + Greens,43.659167,-79.389475,Fried Chicken Joint
14,Queen's Park,43.659659000000005,-79.39033990000001,Starbucks,43.65952575859537,-79.39027029345037,Coffee Shop
15,Queen's Park,43.659659000000005,-79.39033990000001,RBC Royal Bank,43.65933603842843,-79.38977326176165,Bank
16,Queen's Park,43.659659000000005,-79.39033990000001,Subway,43.65897011920262,-79.3908742539673,Sandwich Place
17,Queen's Park,43.659659000000005,-79.39033990000001,Est West Cafe,43.65954133608129,-79.39063666861075,Salad Place
18,Queen's Park,43.659659000000005,-79.39033990000001,Aroma Espresso Bar,43.658927676749364,-79.38990298985978,Café
19,Queen's Park,43.659659000000005,-79.39033990000001,Tim Hortons,43.6594149,-79.3912214,Coffee Shop
20,Islington Avenue,43.6200875,-79.5127834,Gardiner Expy at Islington,43.62045022451549,-79.51316356658936,Intersection
21, Humber Valley Village,43.6664717,-79.5243136,Modern Solutions,43.66582273682821,-79.52402114868164,Home Service
22,Malvern,43.8091955,-79.2217008,Shoppers Drug Mart,43.80961,-79.222729,Pharmacy
23,Don Mills,43.775347,-79.3459439,Tim Hortons,43.7749925,-79.3463027,Coffee Shop
24,Don Mills,43.775347,-79.3459439,TTC Subway Line 4 - Sheppard Line,43.775668760467525,-79.34561133392964,Metro Station
25,Don Mills,43.775347,-79.3459439,Don Mills & Sheppard,43.77532334196787,-79.34699846901431,Intersection
26,Don Mills,43.775347,-79.3459439,Victoria's Secret PINK,43.775283,-79.346728,Lingerie Store
27,Garden District,43.6564995,-79.3771141,Hokkaido Ramen Santouka らーめん山頭火,43.65643520293576,-79.37758637997793,Ramen Restaurant
28,Garden District,43.6564995,-79.3771141,Kabul Express,43.65669146835466,-79.37664313658586,Middle Eastern Restaurant
29,Garden District,43.6564995,-79.3771141,Lake Devo,43.6569936860937,-79.37689788366988,Lake
30,Garden District,43.6564995,-79.3771141,Ethiopiques,43.65651274304155,-79.377077748846,Ethiopian Restaurant
31,Garden District,43.6564995,-79.3771141,Ryerson Square,43.656988428886045,-79.37689617296417,Other Great Outdoors
32,Garden District,43.6564995,-79.3771141,Tim Hortons,43.65690736298195,-79.3773287381231,Coffee Shop
33,Garden District,43.6564995,-79.3771141,It's All Grk,43.65678120012301,-79.37682835542365,Greek Restaurant
34,Garden District,43.6564995,-79.3771141,Ali Baba's,43.65655880846716,-79.37698001909344,Middle Eastern Restaurant
35,Garden District,43.6564995,-79.3771141,Tim Hortons,43.65685033174256,-79.3767973780632,Coffee Shop
36,Garden District,43.6564995,-79.3771141,Good View Chinese Restaurant,43.656791249922385,-79.37613917916755,Chinese Restaurant
37,Garden District,43.6564995,-79.3771141,Subway,43.65695287619877,-79.3772962457842,Sandwich Place
38, Ryerson,43.65846945,-79.37899327245886,Ryerson Athletics Centre,43.65843443942876,-79.37929610991361,College Rec Center
39, Ryerson,43.65846945,-79.37899327245886,Oakham Café,43.658077944767534,-79.37831497990125,Café
40, Ryerson,43.65846945,-79.37899327245886,Balzac's Coffee,43.65785440672277,-79.37919981155157,Coffee Shop
41,Glencairn,43.7087117,-79.4406853,Glencairn Subway Station,43.708872397351165,-79.44080107629773,Metro Station
42, Princess Gardens,43.6404664,-79.39122370000001,Superclub,43.63976132108351,-79.39114334001921,Gym
43, Princess Gardens,43.6404664,-79.39122370000001,Mi-Ne,43.64073639213635,-79.39111356908798,Japanese Restaurant
44, Princess Gardens,43.6404664,-79.39122370000001,Dairy Queen / Orange Julius,43.64054795206896,-79.39210676037419,Ice Cream Shop
45, Princess Gardens,43.6404664,-79.39122370000001,Harbourview Estates Superclub,43.63998664300734,-79.39143731734913,Gym
46, Princess Gardens,43.6404664,-79.39122370000001,St. Louis Bar & Grill,43.64040551871199,-79.39056954690898,Bar
47, Princess Gardens,43.6404664,-79.39122370000001,Mr. Greek Express,43.640447,-79.390876,Greek Restaurant
48, Princess Gardens,43.6404664,-79.39122370000001,"Founder's Club, Rogers Centre",43.64013884221509,-79.39014531168317,Baseball Stadium
49, Islington,43.645334999999996,-79.5248163,Gourmet Bakery (Islington Station),43.64491852702881,-79.52471129398302,Bakery
50, Islington,43.645334999999996,-79.5248163,Islington Subway Station,43.64534925949279,-79.52416874781369,Metro Station
51, Cloverdale,43.633637,-79.5497447,Silverhill Park,43.633939781217215,-79.5502370595932,Baseball Field
52,Rouge Hill,43.7802711,-79.1304992,TTC Bus #1095,43.780755,-79.130184,Bus Line
53,Rouge Hill,43.7802711,-79.1304992,Rouge Hill GO Station,43.78022909334776,-79.13085475603155,Train Station
54, Port Union,43.7755039,-79.13497650000001,Port Union Waterfront Park,43.774967388607294,-79.13439273834229,Park
55, Port Union,43.7755039,-79.13497650000001,Port Union Village Common Park,43.776261105377195,-79.13504719734192,Park
56, Highland Creek,43.790117200000005,-79.1733344,Highland Creek,43.790281030437924,-79.17370319366455,Neighborhood
57,Don Mills,43.775347,-79.3459439,Tim Hortons,43.7749925,-79.3463027,Coffee Shop
58,Don Mills,43.775347,-79.3459439,TTC Subway Line 4 - Sheppard Line,43.775668760467525,-79.34561133392964,Metro Station
59,Don Mills,43.775347,-79.3459439,Don Mills & Sheppard,43.77532334196787,-79.34699846901431,Intersection
60,Don Mills,43.775347,-79.3459439,Victoria's Secret PINK,43.775283,-79.346728,Lingerie Store
61,Woodbine Heights,43.69992,-79.31927900000001,N-Hance Cabinets & Wood Refinishing East York,43.6999925209087,-79.31912183761597,Home Service
62,Woodbine Heights,43.69992,-79.31927900000001,President's Choice Financial ATM,43.699212,-79.319357,ATM
63,Woodbine Heights,43.69992,-79.31927900000001,Shoppers Drug Mart,43.699232,-79.319319,Pharmacy
64, Bloordale Gardens,43.6353169,-79.56367440000001,Starbucks,43.635158,-79.563373,Coffee Shop
65, Bloordale Gardens,43.6353169,-79.56367440000001,Rabba Market Express,43.63534830665466,-79.56295251938286,Convenience Store
66, Bloordale Gardens,43.6353169,-79.56367440000001,West Mall Donuts,43.635407622195544,-79.5626086905614,Donut Shop
67, Bloordale Gardens,43.6353169,-79.56367440000001,Westmall Donuts,43.635489232473795,-79.56255825693788,Coffee Shop
68, Old Burnhamthorpe,43.6393732,-79.58438690000001,Petro-Canada,43.639199582054125,-79.58374321460724,Gas Station
69,Guildwood,43.7552251,-79.1982293,Guildwood GO Station,43.754976871435844,-79.19837243831087,Train Station
70,Guildwood,43.7552251,-79.1982293,VIA Rail Guildwood,43.75506979950294,-79.1980143375963,Train Station
71, Morningside,43.7826012,-79.2049579,Wendy’s,43.78327147889442,-79.20439302921295,Fast Food Restaurant
72, Morningside,43.7826012,-79.2049579,Tim Hortons,43.7832509827786,-79.2044010758399,Coffee Shop
73, Morningside,43.7826012,-79.2049579,Budget locksmith,43.782326482001444,-79.2060399055481,Locksmith
74, Morningside,43.7826012,-79.2049579,Centenary Hospital Loop,43.78328537263014,-79.20460317318911,General Travel
75, West Hill,43.7689144,-79.1872905,Chick-N-Joy,43.76875171771289,-79.18798174616069,Fried Chicken Joint
76, West Hill,43.7689144,-79.1872905,The Beer Store,43.769793,-79.1875054,Beer Store
77, West Hill,43.7689144,-79.1872905,Pizza Pizza,43.7684131598454,-79.18792963027954,Pizza Place
78,The Beaches,43.6710244,-79.296712,Sanna's Farmacia,43.670929268214614,-79.29596900939941,Juice Bar
79,The Beaches,43.6710244,-79.296712,Pippins Tea Company,43.670992,-79.29590463638306,Tea Room
80,The Beaches,43.6710244,-79.296712,The Nutty Chocolatier,43.67056725243875,-79.29759833250185,Chocolate Shop
81,The Beaches,43.6710244,-79.296712,Shoppers Drug Mart,43.670639,-79.29769,Pharmacy
82,The Beaches,43.6710244,-79.296712,Subway,43.670812083087675,-79.29552581655025,Sandwich Place
83,The Beaches,43.6710244,-79.296712,Bikkuri Japanese Restaurant,43.67071466807068,-79.29695568774969,Japanese Restaurant
84,The Beaches,43.6710244,-79.296712,Pizza Hut,43.670789,-79.29684,Pizza Place
85,The Beaches,43.6710244,-79.296712,Juice and Java,43.67106189021513,-79.29575478082984,Café
86,The Beaches,43.6710244,-79.296712,Souvlaki Hut,43.671048072091374,-79.29575766112751,Greek Restaurant
87,The Beaches,43.6710244,-79.296712,Gabby's Food & Fuel,43.670809267568956,-79.29665696716665,Bar
88,The Beaches,43.6710244,-79.296712,Yogurty's,43.670781851774905,-79.29655627409112,Frozen Yogurt Shop
89,The Beaches,43.6710244,-79.296712,TELUS,43.67086495154606,-79.29737078455284,IT Services
90,The Beaches,43.6710244,-79.296712,Planet X,43.67104411044063,-79.2956851689669,Comic Shop
91,The Beaches,43.6710244,-79.296712,Freshii,43.67069645708694,-79.29777145385742,Sandwich Place
92,Berczy Park,43.64798435,-79.37539591138858,Fresh On Front,43.64781466405137,-79.3744527618627,Vegetarian / Vegan Restaurant
93,Berczy Park,43.64798435,-79.37539591138858,Berczy Park,43.64804835388851,-79.3751722909452,Park
94,Berczy Park,43.64798435,-79.37539591138858,Dog Fountain,43.64799795147863,-79.37536096948996,Fountain
95,Berczy Park,43.64798435,-79.37539591138858,Sukhothai,43.64848710249909,-79.37454735245633,Thai Restaurant
96,Berczy Park,43.64798435,-79.37539591138858,Garrison Bespoke,43.648102,-79.376334,Tailor Shop
97,Berczy Park,43.64798435,-79.37539591138858,The Reservoir Lounge,43.64851659851552,-79.37455623391588,Jazz Club
98,Berczy Park,43.64798435,-79.37539591138858,Pravda Vodka Bar,43.64851553067474,-79.37473231149953,Cocktail Bar
99,Berczy Park,43.64798435,-79.37539591138858,Winners,43.6477479,-79.3745508,Department Store
100,Berczy Park,43.64798435,-79.37539591138858,CC Lounge,43.64791735425827,-79.37451991085871,Cocktail Bar
101,Berczy Park,43.64798435,-79.37539591138858,Power Up Game Bar,43.64827231186451,-79.37506275669105,Cocktail Bar
102,Berczy Park,43.64798435,-79.37539591138858,East Thirty-Six,43.648409,-79.375017,Bistro
103,Berczy Park,43.64798435,-79.37539591138858,Aroma Espresso Bar,43.648224,-79.376352,Coffee Shop
104,Berczy Park,43.64798435,-79.37539591138858,The Sultan's Tent and Cafe Moroc,43.647927833506316,-79.37434095390434,Moroccan Restaurant
105,Woburn,43.7598243,-79.2252908,Shoppers Drug Mart,43.759825,-79.225268,Pharmacy
106,Woburn,43.7598243,-79.2252908,Pizza Pizza,43.75932071091761,-79.22492870220871,Pizza Place
107,Woburn,43.7598243,-79.2252908,The Beer Store,43.7597137,-79.225487,Beer Store
108,Woburn,43.7598243,-79.2252908,Burger King,43.7593824,-79.2256073,Fast Food Restaurant
109,Woburn,43.7598243,-79.2252908,Bus Stop: 54 & 102,43.75971956405772,-79.22541618347168,Bus Station
110,Leaside,43.70479829999999,-79.36809040000001,Trace Manes Park,43.70521080541622,-79.36744705427942,Park
111,Leaside,43.70479829999999,-79.36809040000001,Leaside Tennis Club,43.705534896266805,-79.36739206143842,Tennis Court
112,Christie,43.6641106,-79.4184051,Apiecalypse Now! Vegan Pizza & Snack Bar,43.66339931062738,-79.41865056753159,Pizza Place
113,Christie,43.6641106,-79.4184051,Freezone Karaoke,43.663595781130006,-79.41815191654537,Karaoke Bar
114,Christie,43.6641106,-79.4184051,Paldo Gangsan 팔도강산,43.66381881598114,-79.41742911751739,Korean Restaurant
115,Christie,43.6641106,-79.4184051,Baskin-Robbins,43.6636942404216,-79.4183474779129,Ice Cream Shop
116,Christie,43.6641106,-79.4184051,Jangwon 장원,43.66377096454114,-79.41771291322172,Korean Restaurant
117,Christie,43.6641106,-79.4184051,Japanhako,43.663811,-79.417655,Japanese Restaurant
118,Christie,43.6641106,-79.4184051,Subway,43.66339478263773,-79.41853365539214,Sandwich Place
119,Christie,43.6641106,-79.4184051,Echo Karaoke,43.663732,-79.417285,Karaoke Bar
120,Christie,43.6641106,-79.4184051,The Owl | Boo Ung Ee,43.66380919935762,-79.41745422069958,Korean Restaurant
121,Christie,43.6641106,-79.4184051,Poop Café,43.66377776016274,-79.41765961253083,Café
122,Hillcrest Village,43.6816953,-79.4257118,The Stockyards,43.681570353914765,-79.4262096115835,BBQ Joint
123,Hillcrest Village,43.6816953,-79.4257118,CocoaLatte,43.68176818183194,-79.42515763384645,Café
124,Hillcrest Village,43.6816953,-79.4257118,Baker and Scone,43.68161443045213,-79.42607528989137,Café
125,Hillcrest Village,43.6816953,-79.4257118,Churrasco of St. Clair,43.68168056638893,-79.42545291671884,Portuguese Restaurant
126,Hillcrest Village,43.6816953,-79.4257118,Mezzetta,43.681652028150964,-79.425435746772,Mediterranean Restaurant
127,Hillcrest Village,43.6816953,-79.4257118,Vannis Bar & Grill,43.68182171159587,-79.4253678427442,Italian Restaurant
128,Hillcrest Village,43.6816953,-79.4257118,El Rincon Mexicano,43.68193784455996,-79.42452611263825,Mexican Restaurant
129,Hillcrest Village,43.6816953,-79.4257118,World Class Bakers,43.68160556861528,-79.42576614093647,Bakery
130,Hillcrest Village,43.6816953,-79.4257118,McDonald's,43.68175823904737,-79.42694977578196,Fast Food Restaurant
131,Hillcrest Village,43.6816953,-79.4257118,Chuck & Co.,43.68175,-79.425295,Burger Joint
132,Hillcrest Village,43.6816953,-79.4257118,Clay,43.681766,-79.424753,Shop & Service
133,Hillcrest Village,43.6816953,-79.4257118,Convenience,43.681652686456566,-79.42557820449412,Convenience Store
134,Bathurst Manor,43.6655189,-79.4119373,Aroma Wellness Clinic and Spa,43.66483011797359,-79.41272601896088,Spa
135,Bathurst Manor,43.6655189,-79.4119373,Insomnia Restaurant and Lounge,43.665179618013326,-79.41096552569321,Restaurant
136,Bathurst Manor,43.6655189,-79.4119373,Herbs & Nutrition Qi Natural Food,43.665013428045555,-79.41189818065214,Health Food Store
137,Bathurst Manor,43.6655189,-79.4119373,Bite & Sip - Pretzels & Smoothies,43.6650883880936,-79.41135294600984,Bakery
138,Bathurst Manor,43.6655189,-79.4119373,Secrets From Your Sister,43.66511508939061,-79.41128045550488,Lingerie Store
139,Bathurst Manor,43.6655189,-79.4119373,Mr. Tonkatsu　豚カツ,43.66525201361955,-79.41083082310665,Japanese Restaurant
140,Bathurst Manor,43.6655189,-79.4119373,Jerk King,43.665235046859515,-79.41084249380106,Caribbean Restaurant
141,Bathurst Manor,43.6655189,-79.4119373,Bakery On The Go,43.6660701730561,-79.41126420535527,Bakery
142,Bathurst Manor,43.6655189,-79.4119373,The Fry,43.665272955787486,-79.4108859824545,Fried Chicken Joint
143,Bathurst Manor,43.6655189,-79.4119373,TD Canada Trust,43.6651707607859,-79.41221452788795,Bank
144,Bathurst Manor,43.6655189,-79.4119373,Arisu,43.6649926140792,-79.41254576161046,Korean Restaurant
145,Bathurst Manor,43.6655189,-79.4119373,Amnesia,43.66521175484836,-79.41094877010387,Bar
146,Bathurst Manor,43.6655189,-79.4119373,TTC Bus #7 Bathurst,43.666277113226,-79.41209046237594,Bus Line
147, Downsview North,43.7492988,-79.462248,Sheppard West Subway Station,43.74950304813358,-79.46227562541658,Metro Station
148, Downsview North,43.7492988,-79.462248,Sheppard West Station Kiss-N-Ride,43.749602010433186,-79.46162732685839,Metro Station
149, Downsview North,43.7492988,-79.462248,TTC Bus #105B - Downsview North,43.749418887143214,-79.46233793609582,Bus Station
150, Downsview North,43.7492988,-79.462248,Sheppard West Bus Terminal,43.749264,-79.46228,Bus Station
151, Adelaide,43.6502975,-79.38047735048377,John & Sons Oyster House,43.65065642537144,-79.38161285228475,Seafood Restaurant
152, Adelaide,43.6502975,-79.38047735048377,John & Sons Oyster House,43.65060229830571,-79.38155510682869,Seafood Restaurant
153, Adelaide,43.6502975,-79.38047735048377,The Gabardine,43.65098801064232,-79.38122513218154,American Restaurant
154, Adelaide,43.6502975,-79.38047735048377,The Adelaide Hotel Toronto,43.6498312,-79.3801639,Hotel
155, Adelaide,43.6502975,-79.38047735048377,Bay Adelaide Centre,43.650878539102386,-79.38000310739676,Office
156, Adelaide,43.6502975,-79.38047735048377,Sweet Lulu,43.65055650489936,-79.38117543224395,Asian Restaurant
157, King,43.6489494,-79.3777538,Beerbistro,43.64941904378835,-79.37723726034164,Gastropub
158, King,43.6489494,-79.3777538,Café Plenty,43.6491179354577,-79.37831288380438,Café
159, King,43.6489494,-79.3777538,Cosmopolitan Toronto Centre Hotel & Spa,43.64906432957466,-79.37759759701125,Hotel
160, King,43.6489494,-79.3777538,One King West Hotel & Residence,43.6491395,-79.3778763,Hotel
161, King,43.6489494,-79.3777538,Starbucks,43.649328,-79.378339,Coffee Shop
162, King,43.6489494,-79.3777538,Over Easy,43.64807704204346,-79.37759871575396,Breakfast Spot
163,Dufferin,43.6602019,-79.4357191,La Tortilleria Market,43.65960173628417,-79.43508531329248,Mexican Restaurant
164,Dufferin,43.6602019,-79.4357191,Pancho's Bakery,43.66014559561087,-79.4354876494634,Bakery
165,Dufferin,43.6602019,-79.4357191,Jerk King,43.66003564972973,-79.43473840112199,African Restaurant
166,Dufferin,43.6602019,-79.4357191,A&W,43.659872,-79.434761,Fast Food Restaurant
167,Dufferin,43.6602019,-79.4357191,Tierra Azteca,43.66000202627799,-79.43472829949359,Mexican Restaurant
168,Dufferin,43.6602019,-79.4357191,Popeyes Louisiana Kitchen,43.660029993766805,-79.43475189430875,Fried Chicken Joint
169,Dufferin,43.6602019,-79.4357191,TTC Stop #2013,43.660116792036,-79.43550920437168,Light Rail Station
170,Dufferin,43.6602019,-79.4357191,Bloor Street West and Dufferin Street,43.66006986237861,-79.43540923499215,Art Gallery
171,Dufferin,43.6602019,-79.4357191,Cloré Beauty Supply,43.660119,-79.435024,Health & Beauty Service
172,Dufferin,43.6602019,-79.4357191,Dufferin Subway Station,43.6600939491535,-79.43541818081448,Metro Station
173,Fairview,43.6534817,-79.38393470000001,City Hall Podium Green Roof,43.653503586178175,-79.38386645704847,Garden
174, Oriole,43.765498,-79.36426879999999,Oriole GO Station,43.765601333242174,-79.36452324581155,Train Station
175, York University,43.7792419,-79.4835593,York University GO Station,43.77839653181238,-79.48340908032723,Train Station
176,East Toronto,43.72178945,-79.37402706301704,Harlequins: Sunnybrook,43.72178602413268,-79.37415043723831,Food Court
177, Broadview North (Old East York),43.6839242,-79.3569642,Dairy Queen,43.68422322526124,-79.35706168413162,Ice Cream Shop
178, Broadview North (Old East York),43.6839242,-79.3569642,Broadview Ave & Mortimer Ave,43.68427756934319,-79.35685248361816,Intersection
179, Broadview North (Old East York),43.6839242,-79.3569642,Pottery & Broadview,43.683711647685726,-79.35710103015923,Intersection
180, Broadview North (Old East York),43.6839242,-79.3569642,Sobeys Todmorden,43.684723,-79.356461,Grocery Store
181,Harbourfront East,43.640080100000006,-79.3801495,Harbourfront,43.639525632239106,-79.38068838052389,Neighborhood
182,Harbourfront East,43.640080100000006,-79.3801495,BeaverTails,43.639736,-79.380068,Dessert Shop
183,Harbourfront East,43.640080100000006,-79.3801495,Sharetea,43.640175967763966,-79.37960567018246,Bubble Tea Shop
184,Harbourfront East,43.640080100000006,-79.3801495,Popeyes Louisiana Kitchen,43.639864,-79.381136,Fried Chicken Joint
185, Union Station,43.6446934,-79.38013200585965,Pilot Coffee Roasters,43.64501814464698,-79.3804150931199,Coffee Shop
186, Union Station,43.6446934,-79.38013200585965,The Danish Pastry House,43.64526188121351,-79.38084966956498,Bakery
187, Union Station,43.6446934,-79.38013200585965,Uncle Tetsu's Japanese Cheesecake,43.64442750617172,-79.38131123056226,Bakery
188, Union Station,43.6446934,-79.38013200585965,McCafé,43.644490691919735,-79.38110912246584,Café
189,Kennedy Park,43.724878000000004,-79.2539688,Fu Yao Supermarket,43.725053676622224,-79.25301949095291,Grocery Store
190,Kennedy Park,43.724878000000004,-79.2539688,McDonald's,43.72459080446646,-79.2534620917188,Fast Food Restaurant
191,Kennedy Park,43.724878000000004,-79.2539688,Greystone Bakery,43.72481709901102,-79.25298614022387,Bakery
192,Kennedy Park,43.724878000000004,-79.2539688,Royal Congee Chinese Cuisine,43.724572,-79.253083,Chinese Restaurant
193, Ionview,43.7359904,-79.2765146,Maida Vale Park,43.7352718400549,-79.27720711769979,Park
194, East Birchmount Park,43.7141672,-79.271109,Birchmount Rd & St Clair Ave E,43.71403994726666,-79.27150661260261,Intersection
195,Bayview Village,43.7691966,-79.37666170000001,Shell,43.76973986,-79.37631764,Gas Station
196,Bayview Village,43.7691966,-79.37666170000001,Pet Valu,43.769561847733755,-79.37562452768624,Pet Store
197,Bayview Village,43.7691966,-79.37666170000001,Coffee time,43.769812,-79.375766,Coffee Shop
198,Bayview Village,43.7691966,-79.37666170000001,Bessarion Subway Station,43.769261840475664,-79.37613043750773,Metro Station
199,Downsview,43.7492988,-79.462248,Sheppard West Subway Station,43.74950304813358,-79.46227562541658,Metro Station
200,Downsview,43.7492988,-79.462248,Sheppard West Station Kiss-N-Ride,43.749602010433186,-79.46162732685839,Metro Station
201,Downsview,43.7492988,-79.462248,TTC Bus #105B - Downsview North,43.749418887143214,-79.46233793609582,Bus Station
202,Downsview,43.7492988,-79.462248,Sheppard West Bus Terminal,43.749264,-79.46228,Bus Station
203,The Danforth West,43.6864333,-79.30035550000001,Danforth GO Station,43.686458009778526,-79.30020416675752,Train Station
204,The Danforth West,43.6864333,-79.30035550000001,Main Square Community Recreation Centre,43.68706393827176,-79.30030406404974,Gym / Fitness Center
205,The Danforth West,43.6864333,-79.30035550000001,Ted Reeve Baseball Diamond,43.68609189188607,-79.29942353954453,Baseball Field
206, Riverdale,43.6654704,-79.35259359999999,Ha Noi 3 Seasons,43.665578086017604,-79.3521527142361,Asian Restaurant
207, Riverdale,43.6654704,-79.35259359999999,Pho House,43.66574006403083,-79.3514929027799,Vietnamese Restaurant
208, Riverdale,43.6654704,-79.35259359999999,Tung Hing Bakery,43.665178752123936,-79.35253082343527,Bakery
209, Riverdale,43.6654704,-79.35259359999999,Farside,43.66568078247237,-79.35174180554331,Bar
210, Riverdale,43.6654704,-79.35259359999999,Green Earth Vegetarian,43.66589,-79.35265,Vegetarian / Vegan Restaurant
211, Riverdale,43.6654704,-79.35259359999999,Chino Locos,43.66554244564959,-79.35270302271374,Fast Food Restaurant
212, Riverdale,43.6654704,-79.35259359999999,Rose's Vietnamese Sandwiches,43.665611822958766,-79.35168477178863,Vietnamese Restaurant
213, Riverdale,43.6654704,-79.35259359999999,East Chinatown,43.66567758428067,-79.3516682711373,Neighborhood
214, Riverdale,43.6654704,-79.35259359999999,A&W,43.665334,-79.352422,Fast Food Restaurant
215, Riverdale,43.6654704,-79.35259359999999,Trinity Supermarket,43.665606,-79.352205,Grocery Store
216, Riverdale,43.6654704,-79.35259359999999,Miao Ke Hong Bakery,43.66507,-79.352483,Bakery
217, Riverdale,43.6654704,-79.35259359999999,Wok & Roast Chinese BBQ,43.665067,-79.352298,Chinese Restaurant
218, Riverdale,43.6654704,-79.35259359999999,New Pepper Chili Szechuan Restaurant,43.66541287557503,-79.35247679960533,Chinese Restaurant
219, Riverdale,43.6654704,-79.35259359999999,Pho East,43.665715,-79.351574,Vietnamese Restaurant
220, Riverdale,43.6654704,-79.35259359999999,AAA,43.66565720631989,-79.35197972282825,Bar
221,Toronto Dominion Centre,43.647376799999996,-79.3813719429129,Canoe,43.647452066183476,-79.38132001815676,Restaurant
222,Toronto Dominion Centre,43.647376799999996,-79.3813719429129,Bymark,43.647217284018005,-79.38125188166379,Restaurant
223,Toronto Dominion Centre,43.647376799999996,-79.3813719429129,Toronto Athletic Club,43.647359553534905,-79.3811766566002,Gym
224,Toronto Dominion Centre,43.647376799999996,-79.3813719429129,McEwan Foods,43.64716011126396,-79.38104402548048,Deli / Bodega
225,Toronto Dominion Centre,43.647376799999996,-79.3813719429129,Starbucks,43.646890531355616,-79.38187054975934,Coffee Shop
226,Toronto Dominion Centre,43.647376799999996,-79.3813719429129,Soup Nutsy,43.647857591711336,-79.38053285911379,Soup Place
227,Toronto Dominion Centre,43.647376799999996,-79.3813719429129,Papyrus,43.64819540954937,-79.3813921854217,Gift Shop
228, Design Exchange,43.6477412,-79.3801145,Walrus Pub & Beer Hall,43.64737470920577,-79.37951515363918,Pub
229, Design Exchange,43.6477412,-79.3801145,Equinox Bay Street,43.64809974034856,-79.37998869411526,Gym
230, Design Exchange,43.6477412,-79.3801145,Ki Modern Japanese + Bar,43.647223,-79.3793738,Japanese Restaurant
231, Design Exchange,43.6477412,-79.3801145,Dineen @CommerceCourt,43.648250543365556,-79.38012728220869,Coffee Shop
232, Design Exchange,43.6477412,-79.3801145,Indigospirit,43.64834987590252,-79.38034747310336,Bookstore
233, Design Exchange,43.6477412,-79.3801145,Petit Four Bakery,43.647743692587085,-79.37958814250598,Sandwich Place
234, Design Exchange,43.6477412,-79.3801145,Design Exchange,43.64797219581623,-79.38010382588462,Art Gallery
235, Design Exchange,43.6477412,-79.3801145,Toronto Athletic Club,43.647359553534905,-79.3811766566002,Gym
236, Design Exchange,43.6477412,-79.3801145,McEwan Foods,43.64716011126396,-79.38104402548048,Deli / Bodega
237, Design Exchange,43.6477412,-79.3801145,Buster's Sea Cove,43.64777410584289,-79.37918080262172,Seafood Restaurant
238, Design Exchange,43.6477412,-79.3801145,iQ Food Co,43.64748168603231,-79.37910417362639,Fast Food Restaurant
239, Design Exchange,43.6477412,-79.3801145,Soup Nutsy,43.647857591711336,-79.38053285911379,Soup Place
240, Design Exchange,43.6477412,-79.3801145,Szechuan Express,43.6469728132212,-79.37954884053248,Chinese Restaurant
241, Design Exchange,43.6477412,-79.3801145,Fast Fresh Foods,43.647707960663595,-79.3795487376397,Salad Place
242, Design Exchange,43.6477412,-79.3801145,Druxy's,43.648015481211395,-79.37990651776452,Deli / Bodega
243, Design Exchange,43.6477412,-79.3801145,Z-Teca Gourmet Burritos,43.6480141803431,-79.37911924716222,Burrito Place
244, Design Exchange,43.6477412,-79.3801145,Sushi-Q,43.64773753191116,-79.37969913096782,Sushi Restaurant
245, Design Exchange,43.6477412,-79.3801145,TD Canada Trust,43.6482334,-79.3809483,Bank
246,Brockton,43.650917299999996,-79.4400216,Woodhouse Brewing Co.,43.650654,-79.439575,Brewery
247,Brockton,43.650917299999996,-79.4400216,Lansdowne & College,43.65115018694806,-79.43959149359,Intersection
248,Brockton,43.650917299999996,-79.4400216,Tim Hortons,43.65082460994259,-79.43956625531422,Coffee Shop
249, Parkdale Village,43.64029220000001,-79.43729899898156,Mother India,43.64071776138551,-79.4362592512312,Indian Restaurant
250, Parkdale Village,43.64029220000001,-79.43729899898156,Om Restaurant,43.640337284428895,-79.43781080540346,Indian Restaurant
251, Parkdale Village,43.64029220000001,-79.43729899898156,Norling,43.640236,-79.438449,Tibetan Restaurant
252, Parkdale Village,43.64029220000001,-79.43729899898156,Glory of India,43.64069366455078,-79.43678283691406,North Indian Restaurant
253, Parkdale Village,43.64029220000001,-79.43729899898156,Parkdale Guardian Pharmacy,43.640595,-79.43762,Pharmacy
254, Parkdale Village,43.64029220000001,-79.43729899898156,Rice & Noodle,43.64028335648371,-79.43835074476583,Chinese Restaurant
255, Parkdale Village,43.64029220000001,-79.43729899898156,A&W,43.64042887588472,-79.43780338766055,Fast Food Restaurant
256, Parkdale Village,43.64029220000001,-79.43729899898156,TD Canada Trust,43.64022625429727,-79.43735084963009,Bank
257, Parkdale Village,43.64029220000001,-79.43729899898156,Subway,43.64042954337929,-79.4365632448256,Sandwich Place
258, Parkdale Village,43.64029220000001,-79.43729899898156,Old Man Pizza,43.6401793968803,-79.43722592017951,Pizza Place
259, Parkdale Village,43.64029220000001,-79.43729899898156,The Grill Cottage,43.64062,-79.436754,Restaurant
260, Parkdale Village,43.64029220000001,-79.43729899898156,Salvation Army Thrift Store,43.640298907855495,-79.43778911943922,Clothing Store
261, Parkdale Village,43.64029220000001,-79.43729899898156,TTC Stop #06840,43.640428,-79.437554,Light Rail Station
262, Exhibition Place,43.6335375,-79.41771134645269,BMO Field,43.633186558203185,-79.41857814788818,Soccer Stadium
263, Exhibition Place,43.6335375,-79.41771134645269,Section 109,43.63312159136041,-79.41769685388513,Soccer Stadium
264, Exhibition Place,43.6335375,-79.41771134645269,Daytona Chicken Wings,43.63319590762803,-79.41883457998814,Wings Joint
265, Exhibition Place,43.6335375,-79.41771134645269,Vampire Bar & Lounge,43.63329576898462,-79.41876862523493,Bar
266,Golden Mile,43.727841399999996,-79.2876217,Fat Bastard Burrito Co,43.72708717532442,-79.28747878003628,Burrito Place
267,Golden Mile,43.727841399999996,-79.2876217,Pizza pizza,43.72777021346213,-79.28757905960083,Pizza Place
268,Golden Mile,43.727841399999996,-79.2876217,Eggsmart,43.72756,-79.287184,Breakfast Spot
269,Golden Mile,43.727841399999996,-79.2876217,Pho Saigon,43.727403480056,-79.28780135261417,Vietnamese Restaurant
270,Golden Mile,43.727841399999996,-79.2876217,Bus Stop: 34 & 68,43.727533516780674,-79.28745308622617,Bus Station
271,Golden Mile,43.727841399999996,-79.2876217,Shawarma Boss,43.727104436687966,-79.28748060626799,Middle Eastern Restaurant
272, Clairlea,43.708823100000004,-79.2959856,Mexitaco,43.708595,-79.2957,Mexican Restaurant
273, Clairlea,43.708823100000004,-79.2959856,Subway,43.70906989947632,-79.29577449163514,Sandwich Place
274, Clairlea,43.708823100000004,-79.2959856,McDonald's,43.709283877697544,-79.29524527670384,Fast Food Restaurant
275, Clairlea,43.708823100000004,-79.2959856,Tom's No Frills,43.708313,-79.295954,Grocery Store
276, Clairlea,43.708823100000004,-79.2959856,Lucky Lotto Conveniece,43.70879475993049,-79.29566470720046,Convenience Store
277, Clairlea,43.708823100000004,-79.2959856,Main Drug Mart,43.70880336755541,-79.29590463638306,Pharmacy
278, Clairlea,43.708823100000004,-79.2959856,Victoria Park Ave & St. Clair Ave E,43.709407546682264,-79.29566470720046,Intersection
279, Oakridge,43.697173799999995,-79.27482320000001,NAPA AUTOPRO - TRADITIONS AUTO SERVICE,43.697261197296235,-79.27543399622664,Auto Workshop
280, Oakridge,43.697173799999995,-79.27482320000001,Cycle 109,43.697216421160796,-79.27515081674485,Motorcycle Shop
281,York Mills,43.7440391,-79.406657,GoodLife Fitness North York York Mills Centre,43.744871,-79.406289,Gym
282,York Mills,43.7440391,-79.406657,Starbucks,43.744871,-79.406289,Coffee Shop
283,York Mills,43.7440391,-79.406657,Second Cup,43.744732433627526,-79.406180242375,Coffee Shop
284,York Mills,43.7440391,-79.406657,Thai Express,43.74468610389848,-79.40608245111687,Thai Restaurant
285,York Mills,43.7440391,-79.406657,Yonge & York Mills,43.74423275668283,-79.40650022117964,Intersection
286,York Mills,43.7440391,-79.406657,Taqueria Burrito Bar,43.744661953908725,-79.40626110293486,Burrito Place
287,York Mills,43.7440391,-79.406657,Chicken Quarter,43.744882975573766,-79.40651121510315,Indian Restaurant
288,York Mills,43.7440391,-79.406657,York Mills GO Bus Terminal,43.74486010163448,-79.40679095408215,Bus Station
289,York Mills,43.7440391,-79.406657,York Mills Centre Food Court,43.74463727984939,-79.40650022117964,Food Court
290,York Mills,43.7440391,-79.406657,Cardio-Go,43.74460285688724,-79.40614841493664,Gym / Fitness Center
291,Downsview,43.7492988,-79.462248,Sheppard West Subway Station,43.74950304813358,-79.46227562541658,Metro Station
292,Downsview,43.7492988,-79.462248,Sheppard West Station Kiss-N-Ride,43.749602010433186,-79.46162732685839,Metro Station
293,Downsview,43.7492988,-79.462248,TTC Bus #105B - Downsview North,43.749418887143214,-79.46233793609582,Bus Station
294,Downsview,43.7492988,-79.462248,Sheppard West Bus Terminal,43.749264,-79.46228,Bus Station
295,India Bazaar,43.672223100000004,-79.3235032,Motimahal,43.672174809921415,-79.32253200796698,Indian Restaurant
296,India Bazaar,43.672223100000004,-79.3235032,Bombay Chowpatty,43.67187525209221,-79.32411369274648,Indian Restaurant
297,India Bazaar,43.672223100000004,-79.3235032,Regency Restaurant,43.672118220823734,-79.3224739756517,Indian Restaurant
298,India Bazaar,43.672223100000004,-79.3235032,Haandi 2000,43.67192914440453,-79.32366244535852,Indian Restaurant
299,India Bazaar,43.672223100000004,-79.3235032,Gautama,43.67215025713003,-79.32287710601119,Indian Restaurant
300,India Bazaar,43.672223100000004,-79.3235032,Karma's Kitchen,43.671905,-79.323117,Tibetan Restaurant
301,India Bazaar,43.672223100000004,-79.3235032,Nucreation,43.67226,-79.322882,Women's Store
302,India Bazaar,43.672223100000004,-79.3235032,Baldev Paan House,43.671861012130975,-79.3236844528519,Indian Restaurant
303,India Bazaar,43.672223100000004,-79.3235032,Gerrard India Bazaar,43.67208555010096,-79.32340264320374,Shopping Plaza
304,India Bazaar,43.672223100000004,-79.3235032,Toronto Cash & Carry,43.671954,-79.323412,Grocery Store
305, The Beaches West,43.6710244,-79.296712,Sanna's Farmacia,43.670929268214614,-79.29596900939941,Juice Bar
306, The Beaches West,43.6710244,-79.296712,Pippins Tea Company,43.670992,-79.29590463638306,Tea Room
307, The Beaches West,43.6710244,-79.296712,The Nutty Chocolatier,43.67056725243875,-79.29759833250185,Chocolate Shop
308, The Beaches West,43.6710244,-79.296712,Shoppers Drug Mart,43.670639,-79.29769,Pharmacy
309, The Beaches West,43.6710244,-79.296712,Subway,43.670812083087675,-79.29552581655025,Sandwich Place
310, The Beaches West,43.6710244,-79.296712,Bikkuri Japanese Restaurant,43.67071466807068,-79.29695568774969,Japanese Restaurant
311, The Beaches West,43.6710244,-79.296712,Pizza Hut,43.670789,-79.29684,Pizza Place
312, The Beaches West,43.6710244,-79.296712,Juice and Java,43.67106189021513,-79.29575478082984,Café
313, The Beaches West,43.6710244,-79.296712,Souvlaki Hut,43.671048072091374,-79.29575766112751,Greek Restaurant
314, The Beaches West,43.6710244,-79.296712,Gabby's Food & Fuel,43.670809267568956,-79.29665696716665,Bar
315, The Beaches West,43.6710244,-79.296712,Yogurty's,43.670781851774905,-79.29655627409112,Frozen Yogurt Shop
316, The Beaches West,43.6710244,-79.296712,TELUS,43.67086495154606,-79.29737078455284,IT Services
317, The Beaches West,43.6710244,-79.296712,Planet X,43.67104411044063,-79.2956851689669,Comic Shop
318, The Beaches West,43.6710244,-79.296712,Freshii,43.67069645708694,-79.29777145385742,Sandwich Place
319,Commerce Court,43.648163800000006,-79.37776594404383,Mos Mos Coffee,43.64815919753501,-79.37874450467258,Café
320,Commerce Court,43.648163800000006,-79.37776594404383,Jump,43.64814738516352,-79.37875242540652,American Restaurant
321,Commerce Court,43.648163800000006,-79.37776594404383,Irish Embassy,43.647918499361516,-79.37727345157903,Irish Pub
322,Commerce Court,43.648163800000006,-79.37776594404383,Over Easy,43.64807704204346,-79.37759871575396,Breakfast Spot
323,North Park,43.7186899,-79.47753370000001,Adrenalin,43.717982,-79.477756,Gym / Fitness Center
324, Maple Leaf Park,43.715824100000006,-79.49341621107953,Maple leaf park,43.716187513283,-79.4935309549699,Park
325,Humber Summit,43.7600778,-79.5717598,Capri Pastries,43.760233278306124,-79.57168917410124,Bakery
326, Cliffcrest,43.72183629999999,-79.23621379999999,Super Choy Restaurant,43.72128910603268,-79.23669787617699,Chinese Restaurant
327, Cliffcrest,43.72183629999999,-79.23621379999999,Wild Wing,43.72110226026739,-79.23666536808014,Wings Joint
328, Cliffcrest,43.72183629999999,-79.23621379999999,Big Boy's Burgers,43.721751,-79.236301,Restaurant
329,Willowdale,43.761509499999995,-79.4109234,Longo’s Sheppard Centre,43.762221,-79.410762,Grocery Store
330,Willowdale,43.761509499999995,-79.4109234,Whole Foods Market,43.76066201105053,-79.41104445918211,Grocery Store
331,Willowdale,43.761509499999995,-79.4109234,Five Guys,43.76240027532789,-79.4107626699753,Burger Joint
332,Willowdale,43.761509499999995,-79.4109234,Starbucks,43.761077,-79.411483,Coffee Shop
333,Willowdale,43.761509499999995,-79.4109234,McDonald's,43.761828778827315,-79.41144131163321,Fast Food Restaurant
334,Willowdale,43.761509499999995,-79.4109234,Pizza Pizza,43.762326001439206,-79.41136826348362,Pizza Place
335,Downsview,43.7492988,-79.462248,Sheppard West Subway Station,43.74950304813358,-79.46227562541658,Metro Station
336,Downsview,43.7492988,-79.462248,Sheppard West Station Kiss-N-Ride,43.749602010433186,-79.46162732685839,Metro Station
337,Downsview,43.7492988,-79.462248,TTC Bus #105B - Downsview North,43.749418887143214,-79.46233793609582,Bus Station
338,Downsview,43.7492988,-79.462248,Sheppard West Bus Terminal,43.749264,-79.46228,Bus Station
339,Studio District,43.64958515,-79.39068322559326,Omg! Oh My Gyro!,43.6500639687058,-79.39110371201055,Souvlaki Shop
340,Studio District,43.64958515,-79.39068322559326,Umbra Concept Store,43.650417,-79.391136,Furniture / Home Store
341,Studio District,43.64958515,-79.39068322559326,Scotiabank Theatres,43.648829331652806,-79.39078229912828,Movie Theater
342,Studio District,43.64958515,-79.39068322559326,Rudsak,43.64976788010008,-79.39143943185609,Boutique
343,Studio District,43.64958515,-79.39068322559326,Queen St. Warehouse,43.650116540590425,-79.3903160886256,Bar
344,Studio District,43.64958515,-79.39068322559326,John Fluevog Shoes,43.6499881760459,-79.39079046249388,Shoe Store
345,Studio District,43.64958515,-79.39068322559326,Chipotle Mexican Grill,43.64956,-79.39165,Mexican Restaurant
346,Studio District,43.64958515,-79.39068322559326,BMV-Q (BMV Bookstore),43.65001193338498,-79.39076272691233,Bookstore
347,Studio District,43.64958515,-79.39068322559326,Much Music Video Awards (MMVA's),43.64999294848099,-79.39054666005632,Music Venue
348,Studio District,43.64958515,-79.39068322559326,Me Va Me,43.65005490955589,-79.39055494048628,Middle Eastern Restaurant
349,Studio District,43.64958515,-79.39068322559326,Meli Baklava & Chocolate Bar,43.650139555584936,-79.3903774023056,Chocolate Shop
350,Bedford Park,43.7373876,-79.4109253,Grass Roots Yard Services,43.737321150880646,-79.41104114055634,Construction & Landscaping
351, Lawrence Manor East,43.72207879999999,-79.4375067,ROBINSON'S FREESTYLE DESIGNS,43.72243591028199,-79.43718194961548,Art Gallery
352, Mount Dennis,43.6869597,-79.48955129999999,Super Coffee,43.68686134703151,-79.48960043952441,Coffee Shop
353, Mount Dennis,43.6869597,-79.48955129999999,Caplan Miele Gallery,43.68641645778968,-79.48867061763234,Furniture / Home Store
354, Mount Dennis,43.6869597,-79.48955129999999,Shilla Dynasty,43.687268453298586,-79.48984041731529,Korean Restaurant
355,Humberlea,43.7213166,-79.5331605,Strathburn Park,43.721765047523654,-79.53285448549357,Baseball Field
356, Emery,43.7520744,-79.5423657,Tim Hortons,43.75180840970622,-79.54247689035708,Coffee Shop
357, Emery,43.7520744,-79.5423657,Finch Weston Medical Pharmacy,43.75180089870563,-79.54333863059108,Pharmacy
358,Birch Cliff,43.6918051,-79.2644935,The Birchcliff,43.69166644406541,-79.26453158481682,Café
359,Willowdale,43.761509499999995,-79.4109234,Longo’s Sheppard Centre,43.762221,-79.410762,Grocery Store
360,Willowdale,43.761509499999995,-79.4109234,Whole Foods Market,43.76066201105053,-79.41104445918211,Grocery Store
361,Willowdale,43.761509499999995,-79.4109234,Five Guys,43.76240027532789,-79.4107626699753,Burger Joint
362,Willowdale,43.761509499999995,-79.4109234,Starbucks,43.761077,-79.411483,Coffee Shop
363,Willowdale,43.761509499999995,-79.4109234,McDonald's,43.761828778827315,-79.41144131163321,Fast Food Restaurant
364,Willowdale,43.761509499999995,-79.4109234,Pizza Pizza,43.762326001439206,-79.41136826348362,Pizza Place
365, Willowdale East,43.761509499999995,-79.4109234,Longo’s Sheppard Centre,43.762221,-79.410762,Grocery Store
366, Willowdale East,43.761509499999995,-79.4109234,Whole Foods Market,43.76066201105053,-79.41104445918211,Grocery Store
367, Willowdale East,43.761509499999995,-79.4109234,Five Guys,43.76240027532789,-79.4107626699753,Burger Joint
368, Willowdale East,43.761509499999995,-79.4109234,Starbucks,43.761077,-79.411483,Coffee Shop
369, Willowdale East,43.761509499999995,-79.4109234,McDonald's,43.761828778827315,-79.41144131163321,Fast Food Restaurant
370, Willowdale East,43.761509499999995,-79.4109234,Pizza Pizza,43.762326001439206,-79.41136826348362,Pizza Place
371,Downsview,43.7492988,-79.462248,Sheppard West Subway Station,43.74950304813358,-79.46227562541658,Metro Station
372,Downsview,43.7492988,-79.462248,Sheppard West Station Kiss-N-Ride,43.749602010433186,-79.46162732685839,Metro Station
373,Downsview,43.7492988,-79.462248,TTC Bus #105B - Downsview North,43.749418887143214,-79.46233793609582,Bus Station
374,Downsview,43.7492988,-79.462248,Sheppard West Bus Terminal,43.749264,-79.46228,Bus Station
375,Lawrence Park,43.729199,-79.40325250000001,For The Win Cafe,43.72863603182458,-79.40325519626327,Bubble Tea Shop
376,Lawrence Park,43.729199,-79.40325250000001,STACK,43.72931098021923,-79.40324105170586,BBQ Joint
377,Lawrence Park,43.729199,-79.40325250000001,Menchies Frozen Yogurt,43.72833594585155,-79.40317327113762,Ice Cream Shop
378,Lawrence Park,43.729199,-79.40325250000001,Trio Ristorante Pizzeria,43.72880926185491,-79.40314913731548,Italian Restaurant
379,Lawrence Park,43.729199,-79.40325250000001,Starbucks,43.72982,-79.40365,Coffee Shop
380,Lawrence Park,43.729199,-79.40325250000001,Shichimi Sushi,43.72888125625912,-79.4031682620572,Sushi Restaurant
381,Lawrence Park,43.729199,-79.40325250000001,Gamberoni,43.72951504502395,-79.40347684255251,Italian Restaurant
382,Lawrence Park,43.729199,-79.40325250000001,Yogurty's,43.72986618716524,-79.40340062283457,Frozen Yogurt Shop
383,Lawrence Park,43.729199,-79.40325250000001,Games Workshop,43.72899462802187,-79.40309229421057,Hobby Shop
384,Lawrence Park,43.729199,-79.40325250000001,RBC Royal Bank,43.729045635953355,-79.40344319223908,Bank
385,Lawrence Park,43.729199,-79.40325250000001,Tim Hortons,43.728811044996085,-79.40347328782082,Coffee Shop
386,Lawrence Park,43.729199,-79.40325250000001,Pizza Pizza,43.72854712966103,-79.40306216587794,Pizza Place
387,Lawrence Park,43.729199,-79.40325250000001,Lobster Monster,43.728888,-79.403034,Seafood Restaurant
388,Lawrence Park,43.729199,-79.40325250000001,Gabby's Roadhouse,43.72927371293531,-79.40321132426091,Pub
389,Roselawn,43.7001239,-79.450928,California Sandwiches,43.70060745090339,-79.45171931570894,Sandwich Place
390,Roselawn,43.7001239,-79.450928,Sky Ranch Restaurant,43.70072965454009,-79.45168436610791,Argentinian Restaurant
391,Runnymede,43.6517026,-79.4759978,Bread & Roses Bakery Cafe,43.651194318292276,-79.47665677628656,Bakery
392,Runnymede,43.6517026,-79.4759978,Starbucks,43.651395,-79.47599,Coffee Shop
393,Runnymede,43.6517026,-79.4759978,Yogurty's,43.651228146043934,-79.4755243018108,Frozen Yogurt Shop
394,Runnymede,43.6517026,-79.4759978,COBS Bread,43.651347693482606,-79.4756394651729,Bakery
395,Runnymede,43.6517026,-79.4759978,Bloor & Kennedy Flower Shop,43.65142711461149,-79.47529492449927,Flower Shop
396,Runnymede,43.6517026,-79.4759978,Hot Oven Bakery,43.651155311711776,-79.47656563536279,Bakery
397,Runnymede,43.6517026,-79.4759978,Lit Cafe + Bar,43.651378942423236,-79.47538026986466,Coffee Shop
398,Runnymede,43.6517026,-79.4759978,Timothy's World Coffee,43.651525223699124,-79.47495742997707,Coffee Shop
399,Runnymede,43.6517026,-79.4759978,TD Canada Trust,43.651284593586276,-79.47659432888031,Bank
400,Runnymede,43.6517026,-79.4759978,Shoppers Drug Mart,43.651105,-79.476428,Pharmacy
401,Runnymede,43.6517026,-79.4759978,Swan & Firkin,43.651217856234474,-79.47580613516895,Pub
402,Runnymede,43.6517026,-79.4759978,Flame Food+Design,43.651239956920556,-79.47518482804298,Turkish Restaurant
403,Runnymede,43.6517026,-79.4759978,Kinton Ramen,43.65109,-79.47609,Ramen Restaurant
404,Runnymede,43.6517026,-79.4759978,Body & Soul Massage Therapy,43.65135,-79.474986,Massage Studio
405,Runnymede,43.6517026,-79.4759978,Ci Gusta,43.651144565750606,-79.47686743671906,Ice Cream Shop
406,Runnymede,43.6517026,-79.4759978,Generate Fitness,43.651071031342894,-79.47556015054182,Gym
407, The Junction North,43.6654775,-79.470352,The Sweet Potato,43.665405425838244,-79.4692294738573,Grocery Store
408, The Junction North,43.6654775,-79.470352,When the Pig Came Home,43.66547728416018,-79.47065053444993,Deli / Bodega
409, The Junction North,43.6654775,-79.470352,Curry Twist,43.66558068434231,-79.47054074311107,Indian Restaurant
410, The Junction North,43.6654775,-79.470352,Bunner's Bake Shop,43.66553598145282,-79.47151288405423,Bakery
411, The Junction North,43.6654775,-79.470352,Delight,43.66552227429553,-79.47062378703758,Dessert Shop
412, The Junction North,43.6654775,-79.470352,3030 Dundas,43.66557380985307,-79.47037575268513,Bar
413, The Junction North,43.6654775,-79.470352,Lucy Nails,43.66546666817928,-79.4714906407299,Nail Salon
414, The Junction North,43.6654775,-79.470352,Bricco Wine Bar,43.665385,-79.470865,Italian Restaurant
415, The Junction North,43.6654775,-79.470352,Axis Gallery & Grill,43.66557859428013,-79.47094596099255,Bar
416, The Junction North,43.6654775,-79.470352,The Friendly Thai,43.665540244616984,-79.47048031151444,Thai Restaurant
417, The Junction North,43.6654775,-79.470352,Big Daddy's Dvd Shop,43.66552863949229,-79.47059449035682,Video Store
418, The Junction North,43.6654775,-79.470352,Domino's Pizza,43.66537162607107,-79.4705218076706,Pizza Place
419, The Junction North,43.6654775,-79.470352,Junction Fromagerie,43.6655063585067,-79.4706878736148,Deli / Bodega
420,Weston,43.70016079999999,-79.5162474,Kitchen King Jerk Inc.,43.69989013671875,-79.51702117919922,Caribbean Restaurant
421, Wexford Heights,43.7432421,-79.304641,Naan & Kabob Halal,43.74290326259434,-79.30514824489153,Middle Eastern Restaurant
422, Wexford Heights,43.7432421,-79.304641,Shawarma Empire,43.743405300438305,-79.30364913090075,Middle Eastern Restaurant
423, Wexford Heights,43.7432421,-79.304641,Ghadir Mid-Eastern Grocery,43.74363845933303,-79.30423348681926,Grocery Store
424, Wexford Heights,43.7432421,-79.304641,Super Hakka Restaurant,43.74289206733354,-79.30494945617208,Chinese Restaurant
425, Wexford Heights,43.7432421,-79.304641,PizzaLand,43.74294578432365,-79.30508024882042,Pizza Place
426, Wexford Heights,43.7432421,-79.304641,Cucina Manila,43.74349973548066,-79.30462952008224,Asian Restaurant
427, Wexford Heights,43.7432421,-79.304641,Kunafa's,43.742542,-79.30537,Dessert Shop
428, Wexford Heights,43.7432421,-79.304641,Bus Stop: 54 & 67,43.74330116517002,-79.30478910686521,Bus Station
429, Wexford Heights,43.7432421,-79.304641,Lawrence Ave E & Pharmacy Ave,43.743029014094425,-79.30453478465827,Intersection
430, Scarborough Town Centre,43.7761341,-79.25843763592167,American Eagle Store,43.7760116,-79.2583337,Clothing Store
431, Scarborough Town Centre,43.7761341,-79.25843763592167,Chipotle Mexican Grill,43.77641,-79.258069,Mexican Restaurant
432, Scarborough Town Centre,43.7761341,-79.25843763592167,Tommy Hilfiger,43.77601546103458,-79.25736884156035,Clothing Store
433, Scarborough Town Centre,43.7761341,-79.25843763592167,lululemon athletica,43.7755173,-79.2584229,Clothing Store
434, Scarborough Town Centre,43.7761341,-79.25843763592167,Hot Topic,43.775450021914345,-79.2579286531551,Clothing Store
435, Scarborough Town Centre,43.7761341,-79.25843763592167,Booster Juice,43.77689726,-79.25815206,Smoothie Shop
436, Scarborough Town Centre,43.7761341,-79.25843763592167,Bluenotes,43.776755,-79.259008,Clothing Store
437, Scarborough Town Centre,43.7761341,-79.25843763592167,Ten Ren's Tea Time,43.77674574811869,-79.25837678677445,Tea Room
438, Scarborough Town Centre,43.7761341,-79.25843763592167,Dollarama,43.776903,-79.257955,Discount Store
439, Scarborough Town Centre,43.7761341,-79.25843763592167,Starbucks,43.776755,-79.259008,Coffee Shop
440, Scarborough Town Centre,43.7761341,-79.25843763592167,Thai Express,43.776692,-79.259162,Restaurant
441, Scarborough Town Centre,43.7761341,-79.25843763592167,Tim Hortons,43.7765633,-79.2589465,Coffee Shop
442, Scarborough Town Centre,43.7761341,-79.25843763592167,Timothy's World Coffee,43.776755,-79.259008,Coffee Shop
443, Scarborough Town Centre,43.7761341,-79.25843763592167,M for Mendocino,43.77566440675988,-79.25746794558226,Women's Store
444, Scarborough Town Centre,43.7761341,-79.25843763592167,Dynamite,43.77680518468537,-79.25837639353963,Women's Store
445,York Mills West,43.7440391,-79.406657,GoodLife Fitness North York York Mills Centre,43.744871,-79.406289,Gym
446,York Mills West,43.7440391,-79.406657,Starbucks,43.744871,-79.406289,Coffee Shop
447,York Mills West,43.7440391,-79.406657,Second Cup,43.744732433627526,-79.406180242375,Coffee Shop
448,York Mills West,43.7440391,-79.406657,Thai Express,43.74468610389848,-79.40608245111687,Thai Restaurant
449,York Mills West,43.7440391,-79.406657,Yonge & York Mills,43.74423275668283,-79.40650022117964,Intersection
450,York Mills West,43.7440391,-79.406657,Taqueria Burrito Bar,43.744661953908725,-79.40626110293486,Burrito Place
451,York Mills West,43.7440391,-79.406657,Chicken Quarter,43.744882975573766,-79.40651121510315,Indian Restaurant
452,York Mills West,43.7440391,-79.406657,York Mills GO Bus Terminal,43.74486010163448,-79.40679095408215,Bus Station
453,York Mills West,43.7440391,-79.406657,York Mills Centre Food Court,43.74463727984939,-79.40650022117964,Food Court
454,York Mills West,43.7440391,-79.406657,Cardio-Go,43.74460285688724,-79.40614841493664,Gym / Fitness Center
455,Davisville North,43.697936,-79.3972908,Starbucks,43.698491,-79.396383,Coffee Shop
456,Davisville North,43.697936,-79.3972908,Second Cup,43.6976522124446,-79.3962939322264,Coffee Shop
457,Davisville North,43.697936,-79.3972908,Subway,43.69860176351899,-79.39698045718183,Sandwich Place
458,Davisville North,43.697936,-79.3972908,Tim Hortons,43.6984937,-79.3970007,Coffee Shop
459,Davisville North,43.697936,-79.3972908,Kramer's Bar & Grill,43.698582127538685,-79.39663071099496,Pub
460,Davisville North,43.697936,-79.3972908,Avis Car Rental,43.698416,-79.397134,Rental Car Location
461,Davisville North,43.697936,-79.3972908,Canada Post / Postes Canada,43.697832,-79.396243,Post Office
462,Forest Hill North & West,43.701028,-79.4255998,Yogurty's,43.70079989087826,-79.42617084974331,Frozen Yogurt Shop
463,Forest Hill North & West,43.701028,-79.4255998,TD Canada Trust,43.701201568268,-79.42585229873663,Bank
464,Forest Hill North & West,43.701028,-79.4255998,Bathurst & Eglinton,43.700652178942065,-79.42459444648348,Intersection
465,Forest Hill North & West,43.701028,-79.4255998,Hakim Optical,43.7008803,-79.42530059,Optical Shop
466,Forest Hill North & West,43.701028,-79.4255998,Forest Hill Pizza,43.700904,-79.426272,Pizza Place
467,Forest Hill North & West,43.701028,-79.4255998,Front & Centre Dance Academy,43.700790511748814,-79.42618274331409,Dance Studio
468,High Park,43.653866799999996,-79.4668644,Bennett Parkette,43.65391879339464,-79.4671871696148,Park
469,High Park,43.653866799999996,-79.4668644,IDA High Park,43.65331554198388,-79.46681112650649,Pharmacy
470,High Park,43.653866799999996,-79.4668644,High Park Subway Station,43.65392565450594,-79.46686756442625,Metro Station
471,High Park,43.653866799999996,-79.4668644,High Park Chess Club,43.65454610637592,-79.46643059907751,Gaming Cafe
472, The Junction South,43.6654775,-79.470352,The Sweet Potato,43.665405425838244,-79.4692294738573,Grocery Store
473, The Junction South,43.6654775,-79.470352,When the Pig Came Home,43.66547728416018,-79.47065053444993,Deli / Bodega
474, The Junction South,43.6654775,-79.470352,Curry Twist,43.66558068434231,-79.47054074311107,Indian Restaurant
475, The Junction South,43.6654775,-79.470352,Bunner's Bake Shop,43.66553598145282,-79.47151288405423,Bakery
476, The Junction South,43.6654775,-79.470352,Delight,43.66552227429553,-79.47062378703758,Dessert Shop
477, The Junction South,43.6654775,-79.470352,3030 Dundas,43.66557380985307,-79.47037575268513,Bar
478, The Junction South,43.6654775,-79.470352,Lucy Nails,43.66546666817928,-79.4714906407299,Nail Salon
479, The Junction South,43.6654775,-79.470352,Bricco Wine Bar,43.665385,-79.470865,Italian Restaurant
480, The Junction South,43.6654775,-79.470352,Axis Gallery & Grill,43.66557859428013,-79.47094596099255,Bar
481, The Junction South,43.6654775,-79.470352,The Friendly Thai,43.665540244616984,-79.47048031151444,Thai Restaurant
482, The Junction South,43.6654775,-79.470352,Big Daddy's Dvd Shop,43.66552863949229,-79.47059449035682,Video Store
483, The Junction South,43.6654775,-79.470352,Domino's Pizza,43.66537162607107,-79.4705218076706,Pizza Place
484, The Junction South,43.6654775,-79.470352,Junction Fromagerie,43.6655063585067,-79.4706878736148,Deli / Bodega
485,Westmount,43.6936399,-79.5210426,Rogers Communications,43.694116,-79.521517,Mobile Phone Shop
486,Wexford,43.74537670000001,-79.29471550000001,Pho Metro,43.74536458313563,-79.29446212828603,Vietnamese Restaurant
487,Wexford,43.74537670000001,-79.29471550000001,Tim Hortons,43.7455132382073,-79.2952139675617,Coffee Shop
488,Wexford,43.74537670000001,-79.29471550000001,Warden Ave & Lawrence Ave E,43.74525839874023,-79.29483917471472,Intersection
489,Wexford,43.74537670000001,-79.29471550000001,Frank's Smoke Shop,43.74589,-79.29494,Smoke Shop
490,Wexford,43.74537670000001,-79.29471550000001,Little Caesars Pizza,43.745473892980684,-79.2943633108266,Pizza Place
491, Maryvale,43.7590508,-79.31022970000001,Staples,43.7583791,-79.3106954,Paper / Office Supplies Store
492, Maryvale,43.7590508,-79.31022970000001,China Cottage,43.759097495523434,-79.3104188485618,Hakka Restaurant
493, Maryvale,43.7590508,-79.31022970000001,Sushi Ichiban,43.758911588132406,-79.31081062930812,Sushi Restaurant
494, Maryvale,43.7590508,-79.31022970000001,Wimpy's Diner,43.759334850907884,-79.3098316408897,Breakfast Spot
495, Maryvale,43.7590508,-79.31022970000001,Domino's Pizza,43.75942567220302,-79.30989349437851,Pizza Place
496, Maryvale,43.7590508,-79.31022970000001,Mayur Fine Indian Cuisine,43.75924688137414,-79.31084454059601,Indian Restaurant
497,Willowdale,43.761509499999995,-79.4109234,Longo’s Sheppard Centre,43.762221,-79.410762,Grocery Store
498,Willowdale,43.761509499999995,-79.4109234,Whole Foods Market,43.76066201105053,-79.41104445918211,Grocery Store
499,Willowdale,43.761509499999995,-79.4109234,Five Guys,43.76240027532789,-79.4107626699753,Burger Joint
500,Willowdale,43.761509499999995,-79.4109234,Starbucks,43.761077,-79.411483,Coffee Shop
501,Willowdale,43.761509499999995,-79.4109234,McDonald's,43.761828778827315,-79.41144131163321,Fast Food Restaurant
502,Willowdale,43.761509499999995,-79.4109234,Pizza Pizza,43.762326001439206,-79.41136826348362,Pizza Place
503, Willowdale West,43.761509499999995,-79.4109234,Longo’s Sheppard Centre,43.762221,-79.410762,Grocery Store
504, Willowdale West,43.761509499999995,-79.4109234,Whole Foods Market,43.76066201105053,-79.41104445918211,Grocery Store
505, Willowdale West,43.761509499999995,-79.4109234,Five Guys,43.76240027532789,-79.4107626699753,Burger Joint
506, Willowdale West,43.761509499999995,-79.4109234,Starbucks,43.761077,-79.411483,Coffee Shop
507, Willowdale West,43.761509499999995,-79.4109234,McDonald's,43.761828778827315,-79.41144131163321,Fast Food Restaurant
508, Willowdale West,43.761509499999995,-79.4109234,Pizza Pizza,43.762326001439206,-79.41136826348362,Pizza Place
509,North Toronto West,43.6465466,-79.41952629999999,Bellwoods Brewery,43.647097254598236,-79.41995537873463,Brewery
510,North Toronto West,43.6465466,-79.41952629999999,Mamakas Taverna,43.645908,-79.419654,Greek Restaurant
511,North Toronto West,43.6465466,-79.41952629999999,Bang Bang Ice Cream & Bakery,43.64624619920086,-79.41955285188536,Ice Cream Shop
512,North Toronto West,43.6465466,-79.41952629999999,Reposado,43.647320789001384,-79.42003151431754,Bar
513,North Toronto West,43.6465466,-79.41952629999999,Union Restaurant,43.64585979013257,-79.41953208988866,New American Restaurant
514,North Toronto West,43.6465466,-79.41952629999999,OddSeoul,43.64619218474247,-79.4196014527498,Korean Restaurant
515,North Toronto West,43.6465466,-79.41952629999999,La Cubana,43.64623003878161,-79.4196356996568,Cuban Restaurant
516,North Toronto West,43.6465466,-79.41952629999999,Bellwoods Brewery Bottle Shop,43.64712,-79.420044,Beer Store
517,North Toronto West,43.6465466,-79.41952629999999,Gift Shop,43.64614871682715,-79.41948131634449,Cocktail Bar
518,North Toronto West,43.6465466,-79.41952629999999,Lower Ossington Theatre,43.64638945106542,-79.4197810126815,Theater
519,North Toronto West,43.6465466,-79.41952629999999,Pho Rua Vang (Golden Turtle),43.64689319654605,-79.41977781583955,Vietnamese Restaurant
520,North Toronto West,43.6465466,-79.41952629999999,Té,43.6457982128694,-79.41950829388077,Bistro
521,North Toronto West,43.6465466,-79.41952629999999,Venezia Bakery,43.6468112760052,-79.41980345671674,Bakery
522,North Toronto West,43.6465466,-79.41952629999999,Crywolf,43.64620715620378,-79.41958280659624,Boutique
523,North Toronto West,43.6465466,-79.41952629999999,Soos,43.64625487651962,-79.4196494517963,Malay Restaurant
524,North Toronto West,43.6465466,-79.41952629999999,Tanto,43.645702812364746,-79.41969394683838,Argentinian Restaurant
525,North Toronto West,43.6465466,-79.41952629999999,Böehmer,43.64629266324354,-79.41948952292074,New American Restaurant
526,North Toronto West,43.6465466,-79.41952629999999,Peace Collective,43.64710896042073,-79.41986423045904,Boutique
527,North Toronto West,43.6465466,-79.41952629999999,Pilot Coffee Roasters,43.646609556865684,-79.41960592835666,Coffee Shop
528,North Toronto West,43.6465466,-79.41952629999999,Baby Hueys,43.646734,-79.419764,Bar
529,North Toronto West,43.6465466,-79.41952629999999,Victoire,43.64708709716797,-79.4198226928711,Boutique
530, Lawrence Park,43.729199,-79.40325250000001,For The Win Cafe,43.72863603182458,-79.40325519626327,Bubble Tea Shop
531, Lawrence Park,43.729199,-79.40325250000001,STACK,43.72931098021923,-79.40324105170586,BBQ Joint
532, Lawrence Park,43.729199,-79.40325250000001,Menchies Frozen Yogurt,43.72833594585155,-79.40317327113762,Ice Cream Shop
533, Lawrence Park,43.729199,-79.40325250000001,Trio Ristorante Pizzeria,43.72880926185491,-79.40314913731548,Italian Restaurant
534, Lawrence Park,43.729199,-79.40325250000001,Starbucks,43.72982,-79.40365,Coffee Shop
535, Lawrence Park,43.729199,-79.40325250000001,Shichimi Sushi,43.72888125625912,-79.4031682620572,Sushi Restaurant
536, Lawrence Park,43.729199,-79.40325250000001,Gamberoni,43.72951504502395,-79.40347684255251,Italian Restaurant
537, Lawrence Park,43.729199,-79.40325250000001,Yogurty's,43.72986618716524,-79.40340062283457,Frozen Yogurt Shop
538, Lawrence Park,43.729199,-79.40325250000001,Games Workshop,43.72899462802187,-79.40309229421057,Hobby Shop
539, Lawrence Park,43.729199,-79.40325250000001,RBC Royal Bank,43.729045635953355,-79.40344319223908,Bank
540, Lawrence Park,43.729199,-79.40325250000001,Tim Hortons,43.728811044996085,-79.40347328782082,Coffee Shop
541, Lawrence Park,43.729199,-79.40325250000001,Pizza Pizza,43.72854712966103,-79.40306216587794,Pizza Place
542, Lawrence Park,43.729199,-79.40325250000001,Lobster Monster,43.728888,-79.403034,Seafood Restaurant
543, Lawrence Park,43.729199,-79.40325250000001,Gabby's Roadhouse,43.72927371293531,-79.40321132426091,Pub
544, Yorkville,43.67138610000001,-79.3901677,Trattoria Nervosa,43.67101871082308,-79.39108133032904,Italian Restaurant
545, Yorkville,43.67138610000001,-79.3901677,Paramount Fine Foods,43.67067671443592,-79.38986486034777,Middle Eastern Restaurant
546, Yorkville,43.67138610000001,-79.3901677,Four Seasons Hotel Toronto,43.67179643581682,-79.38945690420124,Hotel
547, Yorkville,43.67138610000001,-79.3901677,Café Boulud,43.67159296518452,-79.38995352055935,French Restaurant
548, Yorkville,43.67138610000001,-79.3901677,dbar,43.67148252972158,-79.38993638989542,Lounge
549, Yorkville,43.67138610000001,-79.3901677,The Spa at Four Seasons Hotel Toronto,43.67174021992435,-79.38988924026489,Spa
550, Yorkville,43.67138610000001,-79.3901677,Pusateri's Fine Foods,43.671275167402676,-79.39014235798119,Gourmet Shop
551, Yorkville,43.67138610000001,-79.3901677,Utsav Indian Cuisine,43.671154335539164,-79.39080151220948,Indian Restaurant
552, Yorkville,43.67138610000001,-79.3901677,Buca,43.67191673516847,-79.38923586920403,Italian Restaurant
553, Yorkville,43.67138610000001,-79.3901677,Flo's Diner,43.67113469639616,-79.39078699013665,Diner
554, Yorkville,43.67138610000001,-79.3901677,Dynasty Chinese Cuisine,43.67114125499929,-79.39082722487748,Dim Sum Restaurant
555,Parkdale,43.64029220000001,-79.43729899898156,Mother India,43.64071776138551,-79.4362592512312,Indian Restaurant
556,Parkdale,43.64029220000001,-79.43729899898156,Om Restaurant,43.640337284428895,-79.43781080540346,Indian Restaurant
557,Parkdale,43.64029220000001,-79.43729899898156,Norling,43.640236,-79.438449,Tibetan Restaurant
558,Parkdale,43.64029220000001,-79.43729899898156,Glory of India,43.64069366455078,-79.43678283691406,North Indian Restaurant
559,Parkdale,43.64029220000001,-79.43729899898156,Parkdale Guardian Pharmacy,43.640595,-79.43762,Pharmacy
560,Parkdale,43.64029220000001,-79.43729899898156,Rice & Noodle,43.64028335648371,-79.43835074476583,Chinese Restaurant
561,Parkdale,43.64029220000001,-79.43729899898156,A&W,43.64042887588472,-79.43780338766055,Fast Food Restaurant
562,Parkdale,43.64029220000001,-79.43729899898156,TD Canada Trust,43.64022625429727,-79.43735084963009,Bank
563,Parkdale,43.64029220000001,-79.43729899898156,Subway,43.64042954337929,-79.4365632448256,Sandwich Place
564,Parkdale,43.64029220000001,-79.43729899898156,Old Man Pizza,43.6401793968803,-79.43722592017951,Pizza Place
565,Parkdale,43.64029220000001,-79.43729899898156,The Grill Cottage,43.64062,-79.436754,Restaurant
566,Parkdale,43.64029220000001,-79.43729899898156,Salvation Army Thrift Store,43.640298907855495,-79.43778911943922,Clothing Store
567,Parkdale,43.64029220000001,-79.43729899898156,TTC Stop #06840,43.640428,-79.437554,Light Rail Station
568, Roncesvalles,43.6514426,-79.45103809999999,La Cubana,43.65091223991817,-79.45090936982271,Cuban Restaurant
569, Roncesvalles,43.6514426,-79.45103809999999,Revue Cinema,43.65111215463428,-79.4509612383593,Movie Theater
570, Roncesvalles,43.6514426,-79.45103809999999,Cider House,43.65068788125521,-79.45068513648656,Restaurant
571, Roncesvalles,43.6514426,-79.45103809999999,Scout,43.65097043195477,-79.45086621885267,Gift Shop
572, Roncesvalles,43.6514426,-79.45103809999999,Likely General,43.65062189632695,-79.45063525580188,Gift Shop
573, Roncesvalles,43.6514426,-79.45103809999999,Sues Thai food (vickys),43.6516944636039,-79.4511563870509,Thai Restaurant
574, Roncesvalles,43.6514426,-79.45103809999999,The Local Pub and Restaurant,43.6510171734011,-79.45091108743782,Bar
575, Roncesvalles,43.6514426,-79.45103809999999,Loons Pub,43.65171531224001,-79.45116361533871,Pub
576, Roncesvalles,43.6514426,-79.45103809999999,TD Canada Trust,43.65056744467397,-79.45095769596264,Bank
577, Roncesvalles,43.6514426,-79.45103809999999,Coffee and All That Jazz,43.65147436864978,-79.4514964189698,Coffee Shop
578, Roncesvalles,43.6514426,-79.45103809999999,Sunrise Grill & Crepe,43.65128571197218,-79.45091014745998,Breakfast Spot
579, Roncesvalles,43.6514426,-79.45103809999999,She Said Boom!,43.65073662207432,-79.45077300743606,Bookstore
580, Martin Grove Gardens,43.687310499999995,-79.56196700000001,Spot 1 Music Hall,43.68664,-79.56191,Music Venue
581, Richview Gardens,43.6848335,-79.5482883,Wincott and Westway,43.685569,-79.548337,Intersection
582,Agincourt,43.7853531,-79.2785494,Tim Hortons,43.78563681034057,-79.27921459078789,Coffee Shop
583,Agincourt,43.7853531,-79.2785494,Green Bamboo 青竹,43.78534584436866,-79.27764029905232,Vietnamese Restaurant
584,Agincourt,43.7853531,-79.2785494,Midtown Plaza,43.78484,-79.277773,Shopping Mall
585,Agincourt,43.7853531,-79.2785494,Lung Tung BBQ Food,43.78483611303932,-79.27783727645874,Asian Restaurant
586,Agincourt,43.7853531,-79.2785494,King Huang Chinese Restaurant,43.785087192985614,-79.27784259246363,Cantonese Restaurant
587,Davisville,43.697936,-79.3972908,Starbucks,43.698491,-79.396383,Coffee Shop
588,Davisville,43.697936,-79.3972908,Second Cup,43.6976522124446,-79.3962939322264,Coffee Shop
589,Davisville,43.697936,-79.3972908,Subway,43.69860176351899,-79.39698045718183,Sandwich Place
590,Davisville,43.697936,-79.3972908,Tim Hortons,43.6984937,-79.3970007,Coffee Shop
591,Davisville,43.697936,-79.3972908,Kramer's Bar & Grill,43.698582127538685,-79.39663071099496,Pub
592,Davisville,43.697936,-79.3972908,Avis Car Rental,43.698416,-79.397134,Rental Car Location
593,Davisville,43.697936,-79.3972908,Canada Post / Postes Canada,43.697832,-79.396243,Post Office
594,University of Toronto,43.663462,-79.39775965337452,Chinese Food Truck,43.663658573630634,-79.3983313743529,Food Truck
595,Runnymede,43.6517026,-79.4759978,Bread & Roses Bakery Cafe,43.651194318292276,-79.47665677628656,Bakery
596,Runnymede,43.6517026,-79.4759978,Starbucks,43.651395,-79.47599,Coffee Shop
597,Runnymede,43.6517026,-79.4759978,Yogurty's,43.651228146043934,-79.4755243018108,Frozen Yogurt Shop
598,Runnymede,43.6517026,-79.4759978,COBS Bread,43.651347693482606,-79.4756394651729,Bakery
599,Runnymede,43.6517026,-79.4759978,Bloor & Kennedy Flower Shop,43.65142711461149,-79.47529492449927,Flower Shop
600,Runnymede,43.6517026,-79.4759978,Hot Oven Bakery,43.651155311711776,-79.47656563536279,Bakery
601,Runnymede,43.6517026,-79.4759978,Lit Cafe + Bar,43.651378942423236,-79.47538026986466,Coffee Shop
602,Runnymede,43.6517026,-79.4759978,Timothy's World Coffee,43.651525223699124,-79.47495742997707,Coffee Shop
603,Runnymede,43.6517026,-79.4759978,TD Canada Trust,43.651284593586276,-79.47659432888031,Bank
604,Runnymede,43.6517026,-79.4759978,Shoppers Drug Mart,43.651105,-79.476428,Pharmacy
605,Runnymede,43.6517026,-79.4759978,Swan & Firkin,43.651217856234474,-79.47580613516895,Pub
606,Runnymede,43.6517026,-79.4759978,Flame Food+Design,43.651239956920556,-79.47518482804298,Turkish Restaurant
607,Runnymede,43.6517026,-79.4759978,Kinton Ramen,43.65109,-79.47609,Ramen Restaurant
608,Runnymede,43.6517026,-79.4759978,Body & Soul Massage Therapy,43.65135,-79.474986,Massage Studio
609,Runnymede,43.6517026,-79.4759978,Ci Gusta,43.651144565750606,-79.47686743671906,Ice Cream Shop
610,Runnymede,43.6517026,-79.4759978,Generate Fitness,43.651071031342894,-79.47556015054182,Gym
611, Tam O'Shanter,43.7810454,-79.2980941,The Royal Chinese Restaurant 避風塘小炒,43.78050473445372,-79.29884391314476,Chinese Restaurant
612, Tam O'Shanter,43.7810454,-79.2980941,Popeyes Louisiana Kitchen,43.780476,-79.29846,Fried Chicken Joint
613, Tam O'Shanter,43.7810454,-79.2980941,Little Caesars Pizza,43.78056271894292,-79.2986242771319,Pizza Place
614, Tam O'Shanter,43.7810454,-79.2980941,TTC Stop #7154/5,43.7808523815725,-79.29785496387679,Bus Stop
615, Tam O'Shanter,43.7810454,-79.2980941,Rexall,43.7809,-79.298764,Pharmacy
616,Moore Park,43.6903876,-79.3832965,Loring-Wyle Parkette,43.690270427217385,-79.3834375880377,Park
617, Summerhill East,43.6816776,-79.3905037,LCBO,43.68149682937831,-79.39126079276781,Liquor Store
618, Summerhill East,43.6816776,-79.3905037,Boxcar Social,43.681749741301466,-79.39144664398965,Coffee Shop
619, Summerhill East,43.6816776,-79.3905037,Summerhill Subway Station,43.68229129360693,-79.39077705144882,Metro Station
620,Kensington Market,43.6552136,-79.4022604,Perola Supermarket,43.65489448176307,-79.40214642462199,Grocery Store
621,Kensington Market,43.6552136,-79.4022604,Hibiscus,43.655454254557085,-79.4024390910271,Vegetarian / Vegan Restaurant
622,Kensington Market,43.6552136,-79.4022604,El Trompo,43.6558316709016,-79.40256072891863,Mexican Restaurant
623,Kensington Market,43.6552136,-79.4022604,FILM CAFE,43.65510856565147,-79.40234241534543,Comfort Food Restaurant
624,Kensington Market,43.6552136,-79.4022604,The Burgernator,43.65564188206897,-79.40244009529668,Burger Joint
625,Kensington Market,43.6552136,-79.4022604,Wafels and More,43.65465108367296,-79.40197747917576,Belgian Restaurant
626,Kensington Market,43.6552136,-79.4022604,Hooked,43.6545853262614,-79.40174629702895,Fish Market
627,Kensington Market,43.6552136,-79.4022604,Thirsty and Miserable,43.65456533618983,-79.4015827891908,Beer Bar
628,Kensington Market,43.6552136,-79.4022604,Poetry Jazz Cafe,43.654974536398164,-79.40237067545584,Jazz Club
629,Kensington Market,43.6552136,-79.4022604,Livelihood Cafe,43.655820905845346,-79.40262894753235,Café
630,Kensington Market,43.6552136,-79.4022604,Ozzy's Burger,43.65519064459841,-79.40261014020656,Burger Joint
631,Kensington Market,43.6552136,-79.4022604,Nu Bügel,43.65554660380164,-79.40252785873975,Bagel Shop
632,Kensington Market,43.6552136,-79.4022604,Big Fat Burrito,43.65607191076809,-79.40258445136877,Burrito Place
633,Kensington Market,43.6552136,-79.4022604,I Deal Coffee,43.65505778213131,-79.40325401691655,Coffee Shop
634,Kensington Market,43.6552136,-79.4022604,Bunner's Bake Shop,43.655655031503564,-79.40246748520138,Bakery
635,Kensington Market,43.6552136,-79.4022604,Pancho's Bakery,43.654750233381165,-79.40210500607643,Bakery
636,Kensington Market,43.6552136,-79.4022604,Ronnie's Local 069,43.65510395092381,-79.40267546214012,Bar
637,Kensington Market,43.6552136,-79.4022604,Blue Banana Market,43.65566895683622,-79.40255063337135,Furniture / Home Store
638,Kensington Market,43.6552136,-79.4022604,Dolce Gelato Kensington,43.655278818606426,-79.40232570967991,Ice Cream Shop
639,Kensington Market,43.6552136,-79.4022604,Pancho y Emiliano,43.65447207921505,-79.401968986357,Mexican Restaurant
640,Kensington Market,43.6552136,-79.4022604,KOS,43.65502568322186,-79.40335800214416,Breakfast Spot
641,Kensington Market,43.6552136,-79.4022604,Cafe Novo,43.65582851237088,-79.40264788749636,Café
642, Chinatown,43.6529237,-79.3980316,Banh Mi Nguyen Huong,43.653628006211044,-79.3983759881993,Vietnamese Restaurant
643, Chinatown,43.6529237,-79.3980316,Juicy Dumpling,43.652722483150555,-79.39849796387996,Dumpling Restaurant
644, Chinatown,43.6529237,-79.3980316,Rol Jui Seafood Restaurant,43.65315284886056,-79.39687676028686,Chinese Restaurant
645, Chinatown,43.6529237,-79.3980316,House of Gourmet 滿庭芳,43.653273281195816,-79.39722973434182,Chinese Restaurant
646, Chinatown,43.6529237,-79.3980316,Nak Won,43.653123669571585,-79.39696767945415,Korean Restaurant
647, Chinatown,43.6529237,-79.3980316,Hey Noodles,43.653201144370804,-79.39696241869383,Noodle House
648, Chinatown,43.6529237,-79.3980316,Modo Fruit and Tea House,43.653280792641645,-79.39709574145786,Café
649, Grange Park,43.6521966,-79.39231921757992,Grange Park,43.652487552998565,-79.39205307540142,Park
650, Grange Park,43.6521966,-79.39231921757992,Norma Ridley Members’ Lounge,43.65278556636435,-79.39229314655985,Art Gallery
651,Milliken,43.8231743,-79.30176259999999,LLA Spa,43.82349087586251,-79.30118458025149,Cosmetics Shop
652, Agincourt North,43.8080383,-79.2664391,富 都,43.808643,-79.267114,Chinese Restaurant
653, Agincourt North,43.8080383,-79.2664391,McDonald's,43.808331321150796,-79.26744273262352,Fast Food Restaurant
654, L'Amoreaux East,43.799003000000006,-79.30596690000002,Birchwood Plaza,43.79959954028954,-79.30622537563188,Shopping Mall
655, L'Amoreaux East,43.799003000000006,-79.30596690000002,Divine Wok Restaurant,43.79910182815161,-79.3064832687378,Chinese Restaurant
656, L'Amoreaux East,43.799003000000006,-79.30596690000002,Buddy Cafe,43.79915574729918,-79.30628040464683,Chinese Restaurant
657, L'Amoreaux East,43.799003000000006,-79.30596690000002,Mainsha Caribbean Restaurant,43.79975064064671,-79.30653999704403,Caribbean Restaurant
658, L'Amoreaux East,43.799003000000006,-79.30596690000002,TTC Stop #2490/1,43.79879816893079,-79.30580165112973,Bus Stop
659,Summerhill West,43.6816776,-79.3905037,LCBO,43.68149682937831,-79.39126079276781,Liquor Store
660,Summerhill West,43.6816776,-79.3905037,Boxcar Social,43.681749741301466,-79.39144664398965,Coffee Shop
661,Summerhill West,43.6816776,-79.3905037,Summerhill Subway Station,43.68229129360693,-79.39077705144882,Metro Station
662, Deer Park,43.68809,-79.39409350000001,The Bagel House,43.68737388880937,-79.39369634343205,Bagel Shop
663, Deer Park,43.68809,-79.39409350000001,Union Social Eatery,43.68789522205706,-79.39491559605742,American Restaurant
664, Deer Park,43.68809,-79.39409350000001,Mary Be Kitchen,43.687708,-79.395062,Restaurant
665, Deer Park,43.68809,-79.39409350000001,Moksha Yoga Uptown,43.68879873115129,-79.39448444489447,Yoga Studio
666, Deer Park,43.68809,-79.39409350000001,Starbucks,43.688467,-79.393801,Coffee Shop
667, Deer Park,43.68809,-79.39409350000001,Kwan Restaurant,43.688737166789785,-79.39435863931413,Cantonese Restaurant
668, Deer Park,43.68809,-79.39409350000001,Schnitzel HUB,43.687378678206514,-79.39368318065463,German Restaurant
669, Deer Park,43.68809,-79.39409350000001,Fionn MacCool's,43.68792137317272,-79.39478325313542,Pub
670, Deer Park,43.68809,-79.39409350000001,Second Cup,43.688257261406534,-79.39377786984645,Coffee Shop
671, Deer Park,43.68809,-79.39409350000001,Loblaws St. Clair And Yonge,43.688569,-79.394034,Grocery Store
672, Deer Park,43.68809,-79.39409350000001,Sprout,43.687995609133544,-79.39465149552744,Vietnamese Restaurant
673, Deer Park,43.68809,-79.39409350000001,TD Canada Trust,43.68831188747696,-79.39384818077093,Bank
674, Deer Park,43.68809,-79.39409350000001,GoodLife Fitness Toronto Yonge and St Clair,43.688484,-79.393781,Gym
675, Deer Park,43.68809,-79.39409350000001,Pizzaiolo,43.68799051263145,-79.39463424218918,Pizza Place
676, Deer Park,43.68809,-79.39409350000001,RBC Royal Bank,43.68805843886538,-79.39447781672222,Bank
677, Deer Park,43.68809,-79.39409350000001,Loblaws,43.688484,-79.393781,Grocery Store
678, Deer Park,43.68809,-79.39409350000001,Sushi Gen,43.68886229852844,-79.3944898110323,Sushi Restaurant
679, Deer Park,43.68809,-79.39409350000001,Thai Express,43.68839969248036,-79.3930962577708,Thai Restaurant
680, Deer Park,43.68809,-79.39409350000001,Kiva's,43.687983764255456,-79.39471505267664,Bagel Shop
681, Deer Park,43.68809,-79.39409350000001,New Balance,43.68890925465886,-79.39448654200733,Shoe Store
682,CN Tower,43.642563700000004,-79.38708718320467,Steam Whistle Brewing,43.641751628677554,-79.38708862583252,Brewery
683,CN Tower,43.642563700000004,-79.38708718320467,CN Tower,43.642277432828145,-79.38705542070056,Monument / Landmark
684,CN Tower,43.642563700000004,-79.38708718320467,Ripley's Aquarium of Canada,43.642104321965796,-79.38625159146146,Aquarium
685,CN Tower,43.642563700000004,-79.38708718320467,Sky Pod,43.64256148814412,-79.38703777833165,Scenic Lookout
686,CN Tower,43.642563700000004,-79.38708718320467,Rogers Centre,43.64175329733295,-79.38714957057036,Baseball Stadium
687,CN Tower,43.642563700000004,-79.38708718320467,Dangerous Lagoon,43.64233,-79.385925,Aquarium
688,CN Tower,43.642563700000004,-79.38708718320467,360 Restaurant,43.642537317144566,-79.38704201569328,Wine Bar
689,CN Tower,43.642563700000004,-79.38708718320467,Ray Bay,43.642323,-79.38593,Aquarium
690,CN Tower,43.642563700000004,-79.38708718320467,Rainbow Reef,43.64226,-79.385994,Aquarium
691,CN Tower,43.642563700000004,-79.38708718320467,Canadian Waters,43.64210325443365,-79.3862534013201,Aquarium
692,CN Tower,43.642563700000004,-79.38708718320467,Glass Floor,43.642643117348996,-79.38694780301735,Scenic Lookout
693,CN Tower,43.642563700000004,-79.38708718320467,Jays Shop Stadium Edition,43.64172087102789,-79.38712659895614,Sporting Goods Shop
694,CN Tower,43.642563700000004,-79.38708718320467,Maple Leaf Cinema,43.64222083877541,-79.38764371750614,Indie Movie Theater
695,CN Tower,43.642563700000004,-79.38708718320467,Toronto Blue Jays Box Office,43.64241616569043,-79.38586232130253,Baseball Stadium
696,CN Tower,43.642563700000004,-79.38708718320467,Ripley's Cafe,43.64241,-79.386096,Fast Food Restaurant
697, King and Spadina,43.644071000000004,-79.40194759999999,WVRST,43.644217858825165,-79.40075777306231,Beer Bar
698, King and Spadina,43.644071000000004,-79.40194759999999,Starbucks,43.64419042048389,-79.4013171885997,Coffee Shop
699, King and Spadina,43.644071000000004,-79.40194759999999,Regulars,43.644112,-79.402375,Bar
700, King and Spadina,43.644071000000004,-79.40194759999999,Freshii,43.644139441284516,-79.40279794800523,Salad Place
701, King and Spadina,43.644071000000004,-79.40194759999999,Goldie,43.64418800656551,-79.40096223910382,Lounge
702, King and Spadina,43.644071000000004,-79.40194759999999,Rogers Wireless,43.644031,-79.40199505,Electronics Store
703, King and Spadina,43.644071000000004,-79.40194759999999,Brioche Dorée,43.64412860861413,-79.40165707717495,Bakery
704, King and Spadina,43.644071000000004,-79.40194759999999,Oretta,43.644092145588765,-79.4017853467708,Italian Restaurant
705, King and Spadina,43.644071000000004,-79.40194759999999,Coco Rice,43.6437916322359,-79.4029131690026,Thai Restaurant
706, King and Spadina,43.644071000000004,-79.40194759999999,Lavelle,43.64389681472288,-79.40153428914601,Nightclub
707, King and Spadina,43.644071000000004,-79.40194759999999,Wild Wing,43.643787909264624,-79.40301714652031,Wings Joint
708, Harbourfront West,43.640080100000006,-79.3801495,Harbourfront,43.639525632239106,-79.38068838052389,Neighborhood
709, Harbourfront West,43.640080100000006,-79.3801495,BeaverTails,43.639736,-79.380068,Dessert Shop
710, Harbourfront West,43.640080100000006,-79.3801495,Sharetea,43.640175967763966,-79.37960567018246,Bubble Tea Shop
711, Harbourfront West,43.640080100000006,-79.3801495,Popeyes Louisiana Kitchen,43.639864,-79.381136,Fried Chicken Joint
712, Bathurst Quay,43.635790500000006,-79.398329,Harbour Green Farms,43.63569983023805,-79.39854450587347,Grocery Store
713, South Niagara,43.6440753,-79.4086982,Mula Yoga,43.644937741634415,-79.40861602759297,Yoga Studio
714, South Niagara,43.6440753,-79.4086982,UFO Restaurant,43.64399943323073,-79.40876747284632,Diner
715,New Toronto,43.6007625,-79.505264,Kitchen on 6th,43.601396,-79.504563,Breakfast Spot
716,New Toronto,43.6007625,-79.505264,Sushi4U,43.600690408925864,-79.50559555791278,Sushi Restaurant
717,New Toronto,43.6007625,-79.505264,The UPS Store,43.60092427904836,-79.50511783649067,Shipping Store
718,New Toronto,43.6007625,-79.505264,TNT Army Surplus,43.600819345500135,-79.5056889054853,Clothing Store
719, Mimico South,43.6166773,-79.49680479999999,The Blue Goose,43.61678873297203,-79.4958701202763,Bar
720, Mimico South,43.6166773,-79.49680479999999,Boats And Ho's Diner,43.616466,-79.497033,Diner
721, Mimico South,43.6166773,-79.49680479999999,Mimico GO Station,43.616761306002445,-79.49689734242233,Train Station
722, Jamestown,43.6534817,-79.38393470000001,City Hall Podium Green Roof,43.653503586178175,-79.38386645704847,Garden
723, Mount Olive,43.6534817,-79.38393470000001,City Hall Podium Green Roof,43.653503586178175,-79.38386645704847,Garden
724, Thistletown,43.7372656,-79.56531690000001,Madras Dosa Hut,43.7371563782527,-79.56645986088876,Indian Restaurant
725, Thistletown,43.7372656,-79.56531690000001,RBC Royal Bank,43.73781816269557,-79.56589538469277,Bank
726, Thistletown,43.7372656,-79.56531690000001,Pizza Pizza,43.73661915057897,-79.56459962336204,Pizza Place
727, L'Amoreaux West,43.799003000000006,-79.30596690000002,Birchwood Plaza,43.79959954028954,-79.30622537563188,Shopping Mall
728, L'Amoreaux West,43.799003000000006,-79.30596690000002,Divine Wok Restaurant,43.79910182815161,-79.3064832687378,Chinese Restaurant
729, L'Amoreaux West,43.799003000000006,-79.30596690000002,Buddy Cafe,43.79915574729918,-79.30628040464683,Chinese Restaurant
730, L'Amoreaux West,43.799003000000006,-79.30596690000002,Mainsha Caribbean Restaurant,43.79975064064671,-79.30653999704403,Caribbean Restaurant
731, L'Amoreaux West,43.799003000000006,-79.30596690000002,TTC Stop #2490/1,43.79879816893079,-79.30580165112973,Bus Stop
732,Alderwood,43.6017173,-79.5452325,Il Paesano Pizzeria & Restaurant,43.60128,-79.545028,Pizza Place
733,Alderwood,43.6017173,-79.5452325,Tim Hortons,43.60239631505536,-79.5450476557017,Coffee Shop
734,Alderwood,43.6017173,-79.5452325,Rexall,43.601951,-79.545694,Pharmacy
735, Long Branch,43.59200455,-79.54536450659593,Nordik Windows & Doors,43.59142227394256,-79.54504698514937,Home Service
736, Long Branch,43.59200455,-79.54536450659593,Long Branch GO Station,43.59142615925681,-79.54586505889893,Train Station
737,Northwest,43.6465466,-79.41952629999999,Bellwoods Brewery,43.647097254598236,-79.41995537873463,Brewery
738,Northwest,43.6465466,-79.41952629999999,Mamakas Taverna,43.645908,-79.419654,Greek Restaurant
739,Northwest,43.6465466,-79.41952629999999,Bang Bang Ice Cream & Bakery,43.64624619920086,-79.41955285188536,Ice Cream Shop
740,Northwest,43.6465466,-79.41952629999999,Reposado,43.647320789001384,-79.42003151431754,Bar
741,Northwest,43.6465466,-79.41952629999999,Union Restaurant,43.64585979013257,-79.41953208988866,New American Restaurant
742,Northwest,43.6465466,-79.41952629999999,OddSeoul,43.64619218474247,-79.4196014527498,Korean Restaurant
743,Northwest,43.6465466,-79.41952629999999,La Cubana,43.64623003878161,-79.4196356996568,Cuban Restaurant
744,Northwest,43.6465466,-79.41952629999999,Bellwoods Brewery Bottle Shop,43.64712,-79.420044,Beer Store
745,Northwest,43.6465466,-79.41952629999999,Gift Shop,43.64614871682715,-79.41948131634449,Cocktail Bar
746,Northwest,43.6465466,-79.41952629999999,Lower Ossington Theatre,43.64638945106542,-79.4197810126815,Theater
747,Northwest,43.6465466,-79.41952629999999,Pho Rua Vang (Golden Turtle),43.64689319654605,-79.41977781583955,Vietnamese Restaurant
748,Northwest,43.6465466,-79.41952629999999,Té,43.6457982128694,-79.41950829388077,Bistro
749,Northwest,43.6465466,-79.41952629999999,Venezia Bakery,43.6468112760052,-79.41980345671674,Bakery
750,Northwest,43.6465466,-79.41952629999999,Crywolf,43.64620715620378,-79.41958280659624,Boutique
751,Northwest,43.6465466,-79.41952629999999,Soos,43.64625487651962,-79.4196494517963,Malay Restaurant
752,Northwest,43.6465466,-79.41952629999999,Tanto,43.645702812364746,-79.41969394683838,Argentinian Restaurant
753,Northwest,43.6465466,-79.41952629999999,Böehmer,43.64629266324354,-79.41948952292074,New American Restaurant
754,Northwest,43.6465466,-79.41952629999999,Peace Collective,43.64710896042073,-79.41986423045904,Boutique
755,Northwest,43.6465466,-79.41952629999999,Pilot Coffee Roasters,43.646609556865684,-79.41960592835666,Coffee Shop
756,Northwest,43.6465466,-79.41952629999999,Baby Hueys,43.646734,-79.419764,Bar
757,Northwest,43.6465466,-79.41952629999999,Victoire,43.64708709716797,-79.4198226928711,Boutique
758, Cabbagetown,43.6644734,-79.36698609999999,The Epicure Shop,43.663964860964924,-79.36779540886938,Deli / Bodega
759, Cabbagetown,43.6644734,-79.36698609999999,Kanpai Snack Bar,43.664330935948634,-79.36806503124257,Taiwanese Restaurant
760, Cabbagetown,43.6644734,-79.36698609999999,TD Canada Trust,43.66465469253796,-79.36788707971579,Bank
761, Cabbagetown,43.6644734,-79.36698609999999,Shoppers Drug Mart,43.663998,-79.36783,Pharmacy
762,First Canadian Place,43.648768100000005,-79.38169179283025,Adelaide Club Toronto,43.64927944291712,-79.38192123284551,Gym / Fitness Center
763,First Canadian Place,43.648768100000005,-79.38169179283025,Cactus Club Cafe,43.6495520142626,-79.38167072512041,American Restaurant
764,First Canadian Place,43.648768100000005,-79.38169179283025,Brick Street Bakery,43.6488151631615,-79.38060468610949,Bakery
765,First Canadian Place,43.648768100000005,-79.38169179283025,Pilot Coffee Roasters,43.648835391245896,-79.3809358125033,Coffee Shop
766,First Canadian Place,43.648768100000005,-79.38169179283025,Maman,43.64830873804684,-79.38225333898805,Café
767,First Canadian Place,43.648768100000005,-79.38169179283025,King Taps,43.648475974183,-79.38205778358744,Gastropub
768,First Canadian Place,43.648768100000005,-79.38169179283025,Kupfert & Kim (First Canadian Place),43.64854659465186,-79.38162406470161,Gluten-free Restaurant
769,First Canadian Place,43.648768100000005,-79.38169179283025,Pumpernickel's Deli,43.64883150054619,-79.38197006345457,Deli / Bodega
770,First Canadian Place,43.648768100000005,-79.38169179283025,iQ Food Co. (First Canadian Place),43.64835708519922,-79.38219241858727,Salad Place
771,First Canadian Place,43.648768100000005,-79.38169179283025,Five Guys,43.6487987190222,-79.3816807899204,Burger Joint
772,First Canadian Place,43.648768100000005,-79.38169179283025,First Canadian Place,43.64848212292913,-79.38244342803955,Building
773,First Canadian Place,43.648768100000005,-79.38169179283025,Starbucks,43.64902831957521,-79.38159290007317,Coffee Shop
774,First Canadian Place,43.648768100000005,-79.38169179283025,Ruby Thai (First Canadian Place),43.64909140219368,-79.38159990145141,Thai Restaurant
775,First Canadian Place,43.648768100000005,-79.38169179283025,Papyrus,43.64819540954937,-79.3813921854217,Gift Shop
776,First Canadian Place,43.648768100000005,-79.38169179283025,Prairie Girl Bakery,43.64833236397115,-79.38230492443054,Cupcake Shop
777,First Canadian Place,43.648768100000005,-79.38169179283025,TD Canada Trust,43.6482334,-79.3809483,Bank
778, Underground city,43.7701454,-79.3748625,Taro's Fish,43.76996164341515,-79.37465906198047,Fish Market
779, Underground city,43.7701454,-79.3748625,Mountain Equipment Co-op,43.76987684570399,-79.37511694519891,Outdoor Supply Store
780, Underground city,43.7701454,-79.3748625,Shatter Abbas,43.769997628351945,-79.37443439177133,Persian Restaurant
781, Underground city,43.7701454,-79.3748625,MEC,43.76989364818691,-79.37516454175586,Sporting Goods Shop
782, Underground city,43.7701454,-79.3748625,Sunshine Spot,43.770162103240736,-79.37477798821956,Breakfast Spot
783, Underground city,43.7701454,-79.3748625,Subway,43.7701119,-79.3745923,Sandwich Place
784, Underground city,43.7701454,-79.3748625,Pizza Pizza,43.76977203092848,-79.37554445505702,Pizza Place
785, Underground city,43.7701454,-79.3748625,Pet Valu,43.769561847733755,-79.37562452768624,Pet Store
786,The Kingsway,43.6473811,-79.51133279999999,Sempre Pizza Pasta,43.647176739342015,-79.51248511978591,Pizza Place
787,The Kingsway,43.6473811,-79.51133279999999,The Kingsway Theatre,43.647163758673194,-79.51223242079968,Indie Movie Theater
788,The Kingsway,43.6473811,-79.51133279999999,Merlot,43.647685147998615,-79.51040103221865,French Restaurant
789,The Kingsway,43.6473811,-79.51133279999999,La Veranda Osteria,43.64763812741427,-79.5114418356262,Italian Restaurant
790,The Kingsway,43.6473811,-79.51133279999999,Shoppers Drug Mart,43.647623,-79.51086,Pharmacy
791,The Kingsway,43.6473811,-79.51133279999999,Second Cup,43.647737830740084,-79.51077342607482,Café
792,The Kingsway,43.6473811,-79.51133279999999,Just Greek,43.64767648165556,-79.51053321211081,Greek Restaurant
793,The Kingsway,43.6473811,-79.51133279999999,Rogers,43.64708,-79.51155,Mobile Phone Shop
794,The Kingsway,43.6473811,-79.51133279999999,Royal York Subway Station Kiss and Ride,43.647764795418645,-79.51134632243466,Metro Station
795,The Kingsway,43.6473811,-79.51133279999999,TTC Bus #76 - Royal York South,43.64799300712666,-79.51134725854226,Bus Line
796,The Kingsway,43.6473811,-79.51133279999999,Royal York Subway Station,43.648119362241424,-79.51138052162548,Metro Station
797, Montgomery Road,43.6490313,-79.5188556,Central Tennis Club,43.64882,-79.519242,Tennis Court
798, Montgomery Road,43.6490313,-79.5188556,Memorial Pool,43.64837386430984,-79.51953789570946,Gym / Fitness Center
799, Old Mill North,43.649826000000004,-79.49433379999999,Bloor-danforth Subway Shuttle Westbound,43.64999087736369,-79.49540362624315,Bus Line
800, Old Mill North,43.649826000000004,-79.49433379999999,Old Mill Subway Station,43.64989189122272,-79.49532242819866,Metro Station
801,Church and Wellesley,43.6655242,-79.3838011,Como En Casa,43.66516,-79.384796,Mexican Restaurant
802,Church and Wellesley,43.6655242,-79.3838011,Tokyo Grill,43.665085238149395,-79.38470692554789,Japanese Restaurant
803,Church and Wellesley,43.6655242,-79.3838011,Riddle Room,43.665881092438454,-79.38493615023397,Escape Room
804,Church and Wellesley,43.6655242,-79.3838011,Seduction,43.66562020759618,-79.38468138721245,Adult Boutique
805,Church and Wellesley,43.6655242,-79.3838011,Bloom Cafe,43.66548,-79.38497,Dessert Shop
806,Church and Wellesley,43.6655242,-79.3838011,Fit Factory Fitness,43.66592767720597,-79.38459034250359,Gym / Fitness Center
807,Church and Wellesley,43.6655242,-79.3838011,Holy Chuck,43.66524054342597,-79.38472816592302,Burger Joint
808,Church and Wellesley,43.6655242,-79.3838011,Starbucks,43.665207,-79.384372,Coffee Shop
809,Church and Wellesley,43.6655242,-79.3838011,Hoki Poké,43.665354,-79.384544,Poke Place
810,Old Mill South,43.649826000000004,-79.49433379999999,Bloor-danforth Subway Shuttle Westbound,43.64999087736369,-79.49540362624315,Bus Line
811,Old Mill South,43.649826000000004,-79.49433379999999,Old Mill Subway Station,43.64989189122272,-79.49532242819866,Metro Station
812, King's Mill Park,43.651089500000005,-79.4920291,Old Mill Toronto,43.651011078509626,-79.49322209020357,American Restaurant
813, King's Mill Park,43.651089500000005,-79.4920291,The Spa at The Old Mill,43.650823685687385,-79.49319046516692,Spa
814, Sunnylea,43.64159705,-79.50166540110841,Booty Camp Fitness,43.64197616064553,-79.50260639190674,Gym / Fitness Center
815, Mimico NE,43.6166773,-79.49680479999999,The Blue Goose,43.61678873297203,-79.4958701202763,Bar
816, Mimico NE,43.6166773,-79.49680479999999,Boats And Ho's Diner,43.616466,-79.497033,Diner
817, Mimico NE,43.6166773,-79.49680479999999,Mimico GO Station,43.616761306002445,-79.49689734242233,Train Station
818, Royal York South East,43.64818270000001,-79.5112961,Merlot,43.647685147998615,-79.51040103221865,French Restaurant
819, Royal York South East,43.64818270000001,-79.5112961,La Veranda Osteria,43.64763812741427,-79.5114418356262,Italian Restaurant
820, Royal York South East,43.64818270000001,-79.5112961,Shoppers Drug Mart,43.647623,-79.51086,Pharmacy
821, Royal York South East,43.64818270000001,-79.5112961,Second Cup,43.647737830740084,-79.51077342607482,Café
822, Royal York South East,43.64818270000001,-79.5112961,Just Greek,43.64767648165556,-79.51053321211081,Greek Restaurant
823, Royal York South East,43.64818270000001,-79.5112961,Royal York Subway Station Kiss and Ride,43.647764795418645,-79.51134632243466,Metro Station
824, Royal York South East,43.64818270000001,-79.5112961,TTC Bus #76 - Royal York South,43.64799300712666,-79.51134725854226,Bus Line
825, Royal York South East,43.64818270000001,-79.5112961,Royal York Subway Station,43.648119362241424,-79.51138052162548,Metro Station
826,Mimico NW,43.6166773,-79.49680479999999,The Blue Goose,43.61678873297203,-79.4958701202763,Bar
827,Mimico NW,43.6166773,-79.49680479999999,Boats And Ho's Diner,43.616466,-79.497033,Diner
828,Mimico NW,43.6166773,-79.49680479999999,Mimico GO Station,43.616761306002445,-79.49689734242233,Train Station
829, The Queensway West,43.6236182,-79.5147637,Tim Hortons,43.6236706,-79.5156741,Coffee Shop
830, The Queensway West,43.6236182,-79.5147637,Milestones,43.62319681750021,-79.51543041666275,Restaurant
831, The Queensway West,43.6236182,-79.5147637,Loggia Condominiums,43.62330821141807,-79.5156764603115,Playground
832, South of Bloor,43.6704886,-79.3864652,Kitchen Stuff Plus,43.671191319381286,-79.3869549036026,Furniture / Home Store
833, South of Bloor,43.6704886,-79.3864652,Japan Foundation,43.670609,-79.386011,Art Gallery
834, South of Bloor,43.6704886,-79.3864652,Thomas Hinds Tobacconist,43.670901,-79.387531,Smoke Shop
835, South of Bloor,43.6704886,-79.3864652,Purdys Chocolatier,43.671066,-79.385743,Chocolate Shop
836, South of Bloor,43.6704886,-79.3864652,LCBO,43.670497326525236,-79.38522754418891,Liquor Store
837, Royal York South West,43.64818270000001,-79.5112961,Merlot,43.647685147998615,-79.51040103221865,French Restaurant
838, Royal York South West,43.64818270000001,-79.5112961,La Veranda Osteria,43.64763812741427,-79.5114418356262,Italian Restaurant
839, Royal York South West,43.64818270000001,-79.5112961,Shoppers Drug Mart,43.647623,-79.51086,Pharmacy
840, Royal York South West,43.64818270000001,-79.5112961,Second Cup,43.647737830740084,-79.51077342607482,Café
841, Royal York South West,43.64818270000001,-79.5112961,Just Greek,43.64767648165556,-79.51053321211081,Greek Restaurant
842, Royal York South West,43.64818270000001,-79.5112961,Royal York Subway Station Kiss and Ride,43.647764795418645,-79.51134632243466,Metro Station
843, Royal York South West,43.64818270000001,-79.5112961,TTC Bus #76 - Royal York South,43.64799300712666,-79.51134725854226,Bus Line
844, Royal York South West,43.64818270000001,-79.5112961,Royal York Subway Station,43.648119362241424,-79.51138052162548,Metro Station
